member_id,nudge_date,channel,acted_within_14d
M00000,2026-03-15,email,0
M00000,2026-07-01,push,1
M00000,2026-07-01,in_app,0
M00000,2026-03-24,email,0
M00000,2026-03-21,push,1
M00000,2026-03-28,email,0
M00000,2026-03-11,push,1
M00000,2025-11-20,push,0
M00000,2026-03-17,email,0
M00001,2025-11-30,in_app,0
M00001,2026-01-04,in_app,1
M00001,2026-06-28,in_app,1
M00001,2026-05-29,in_app,0
M00001,2025-11-01,push,0
M00001,2026-02-23,in_app,1
M00002,2025-07-28,push,0
M00002,2026-07-13,push,0
M00002,2026-03-02,in_app,1
M00002,2025-07-30,email,1
M00002,2026-03-20,email,0
M00002,2026-06-17,in_app,0
M00002,2026-03-03,in_app,0
M00002,2026-07-18,in_app,1
M00002,2026-03-23,in_app,0
M00003,2025-08-16,in_app,0
M00003,2026-04-02,in_app,0
M00003,2026-04-10,push,0
M00003,2026-04-25,push,0
M00004,2026-07-10,push,1
M00004,2025-10-09,push,0
M00004,2026-02-04,push,1
M00004,2025-07-26,email,0
M00004,2025-09-25,in_app,0
M00005,2025-12-15,email,1
M00005,2026-07-02,email,0
M00005,2026-06-29,push,1
M00005,2026-05-24,push,0
M00005,2026-07-09,email,0
M00005,2025-10-15,in_app,1
M00005,2025-10-25,push,0
M00005,2026-01-05,email,0
M00006,2025-12-27,email,0
M00006,2025-10-12,email,1
M00006,2026-05-10,push,0
M00006,2026-04-11,in_app,0
M00006,2026-01-16,push,0
M00006,2025-12-13,push,0
M00006,2025-12-02,push,0
M00007,2026-03-06,in_app,1
M00007,2026-03-21,in_app,1
M00007,2026-05-30,email,0
M00007,2025-09-01,in_app,1
M00007,2025-08-29,in_app,1
M00007,2026-03-13,email,0
M00007,2026-05-30,push,0
M00007,2026-07-11,push,0
M00007,2025-07-26,push,0
M00007,2026-05-30,push,1
M00008,2025-11-28,push,0
M00008,2025-08-19,push,0
M00008,2025-08-14,in_app,0
M00008,2026-02-06,email,0
M00008,2025-12-01,in_app,1
M00008,2026-04-19,email,1
M00008,2026-03-17,in_app,0
M00008,2026-02-23,email,0
M00008,2025-09-16,email,0
M00008,2025-12-31,email,0
M00008,2025-11-20,push,0
M00009,2025-11-07,email,0
M00009,2026-05-19,push,1
M00009,2025-11-09,email,1
M00009,2026-06-09,push,0
M00009,2025-11-07,push,1
M00009,2025-11-02,push,1
M00009,2026-03-10,in_app,1
M00009,2026-04-12,push,1
M00010,2026-03-07,push,1
M00010,2025-09-19,email,0
M00010,2025-10-25,in_app,1
M00010,2026-03-09,push,0
M00010,2025-08-03,in_app,0
M00010,2025-09-09,email,0
M00011,2026-02-11,push,1
M00011,2025-08-21,in_app,0
M00011,2026-05-01,push,1
M00011,2026-06-08,push,1
M00011,2026-04-17,email,1
M00011,2025-07-29,push,1
M00012,2026-05-21,in_app,1
M00012,2026-05-09,email,1
M00012,2026-03-15,email,1
M00012,2026-03-14,in_app,0
M00012,2026-04-28,push,1
M00012,2026-01-13,email,0
M00012,2026-01-03,push,0
M00012,2026-05-17,push,0
M00012,2025-09-27,email,1
M00012,2026-01-15,push,0
M00012,2025-09-03,in_app,1
M00012,2025-10-19,email,0
M00013,2025-08-17,in_app,0
M00013,2026-02-15,email,0
M00013,2025-09-05,in_app,0
M00013,2026-07-02,push,0
M00013,2025-07-27,push,0
M00013,2025-08-16,email,1
M00013,2025-12-29,push,0
M00014,2026-04-10,in_app,0
M00014,2026-03-15,in_app,0
M00014,2025-11-24,in_app,1
M00014,2025-11-05,email,1
M00014,2025-12-30,in_app,1
M00014,2025-09-06,email,1
M00014,2026-05-03,email,0
M00015,2025-10-22,push,1
M00015,2025-07-24,email,0
M00015,2026-06-01,email,1
M00015,2026-03-21,in_app,0
M00015,2025-08-23,email,1
M00015,2025-11-20,in_app,0
M00015,2026-06-06,push,0
M00015,2026-05-20,push,0
M00016,2026-02-14,in_app,1
M00016,2026-06-28,in_app,1
M00016,2026-05-15,push,0
M00016,2026-05-01,in_app,1
M00016,2025-10-19,push,0
M00016,2025-08-25,in_app,1
M00016,2026-04-04,in_app,1
M00016,2025-09-19,in_app,0
M00016,2025-11-14,push,1
M00016,2026-05-08,in_app,0
M00016,2026-06-02,in_app,0
M00016,2026-06-09,in_app,0
M00017,2026-03-03,push,0
M00017,2025-09-22,push,0
M00017,2025-12-24,in_app,0
M00017,2025-08-06,push,1
M00017,2025-11-18,in_app,0
M00017,2026-06-12,in_app,1
M00017,2026-02-27,email,1
M00017,2026-01-01,email,1
M00017,2026-06-07,push,1
M00017,2026-01-25,email,1
M00017,2025-08-09,push,0
M00017,2026-03-27,push,1
M00018,2025-11-24,push,0
M00018,2026-05-16,email,0
M00018,2025-12-14,email,0
M00018,2026-01-07,email,1
M00018,2026-01-04,in_app,0
M00018,2026-01-22,email,1
M00018,2026-04-30,email,0
M00018,2025-12-23,in_app,0
M00018,2025-08-28,email,1
M00018,2026-03-28,in_app,1
M00019,2026-04-27,push,0
M00019,2026-04-02,push,0
M00019,2026-07-15,in_app,0
M00019,2025-10-22,in_app,0
M00019,2025-12-28,email,0
M00019,2025-11-17,push,1
M00019,2026-03-11,in_app,1
M00019,2026-06-05,in_app,0
M00020,2026-05-21,email,0
M00020,2025-08-03,in_app,0
M00020,2025-11-07,in_app,0
M00020,2026-04-25,push,1
M00020,2025-11-14,in_app,1
M00020,2025-10-22,in_app,0
M00021,2026-06-13,email,0
M00021,2025-10-25,email,0
M00021,2025-10-15,in_app,0
M00021,2026-03-26,email,1
M00021,2026-03-29,push,0
M00021,2026-07-08,email,0
M00021,2026-04-07,push,0
M00021,2025-09-12,email,0
M00021,2026-02-12,email,0
M00022,2026-07-20,email,0
M00022,2025-10-24,email,0
M00022,2025-08-09,email,0
M00022,2026-07-02,push,0
M00022,2025-12-21,in_app,0
M00022,2026-06-10,push,0
M00022,2026-02-27,in_app,0
M00022,2025-10-31,in_app,0
M00022,2025-10-13,email,0
M00023,2026-01-16,in_app,0
M00023,2025-10-03,push,1
M00023,2025-08-12,email,0
M00023,2026-01-29,push,0
M00023,2025-09-04,in_app,0
M00024,2025-09-29,in_app,1
M00024,2026-06-13,in_app,0
M00024,2025-10-24,in_app,1
M00024,2026-06-15,in_app,0
M00024,2026-03-05,in_app,1
M00024,2026-03-23,in_app,1
M00024,2025-11-21,push,0
M00024,2026-03-16,in_app,1
M00024,2026-05-25,in_app,1
M00024,2026-04-06,email,0
M00025,2025-11-10,email,0
M00025,2025-09-09,email,0
M00025,2026-02-17,email,0
M00025,2026-04-21,in_app,0
M00025,2026-05-03,push,0
M00025,2025-08-30,push,0
M00026,2025-10-13,email,0
M00026,2025-09-07,push,0
M00026,2026-05-11,push,1
M00026,2026-02-08,in_app,1
M00026,2026-03-18,push,0
M00026,2025-08-14,push,0
M00026,2025-08-01,email,0
M00026,2026-02-22,email,0
M00026,2026-03-30,push,1
M00027,2026-05-08,in_app,0
M00027,2026-03-31,push,0
M00027,2026-07-23,push,0
M00028,2025-08-26,in_app,1
M00028,2026-05-09,push,0
M00028,2026-05-13,email,0
M00028,2025-08-09,push,0
M00028,2025-09-23,in_app,1
M00028,2026-06-19,in_app,0
M00028,2026-07-02,push,1
M00028,2025-09-28,push,1
M00028,2026-01-14,push,0
M00029,2026-06-01,in_app,1
M00029,2026-06-28,email,0
M00029,2025-08-05,email,1
M00029,2026-07-17,in_app,1
M00029,2025-08-23,push,0
M00029,2025-11-06,push,0
M00029,2026-04-27,push,0
M00029,2026-01-19,push,1
M00029,2026-04-02,email,1
M00030,2025-11-03,email,1
M00030,2026-07-11,push,0
M00030,2026-03-01,email,1
M00030,2026-07-06,push,1
M00030,2026-07-06,in_app,1
M00030,2026-03-16,email,1
M00030,2026-06-28,push,0
M00030,2026-02-22,email,0
M00030,2026-05-21,email,1
M00030,2025-07-26,in_app,1
M00030,2025-11-20,in_app,0
M00030,2026-03-06,in_app,1
M00030,2026-04-01,email,0
M00030,2026-05-25,push,1
M00030,2026-01-18,email,0
M00031,2026-02-27,in_app,0
M00031,2025-12-09,in_app,0
M00031,2025-08-30,email,0
M00031,2025-10-29,in_app,0
M00031,2025-07-24,push,0
M00031,2026-02-21,push,0
M00031,2026-01-13,in_app,0
M00031,2026-06-02,push,0
M00031,2025-09-24,email,1
M00031,2025-10-12,in_app,0
M00031,2026-05-28,email,0
M00032,2026-05-31,push,1
M00032,2025-12-04,email,0
M00032,2026-06-14,push,0
M00032,2025-08-29,push,1
M00032,2026-03-08,in_app,0
M00032,2025-09-24,push,0
M00032,2025-09-03,push,0
M00032,2025-12-07,push,0
M00032,2026-03-14,email,1
M00032,2026-01-16,push,1
M00032,2026-04-12,email,0
M00032,2025-08-15,email,1
M00032,2025-08-01,email,1
M00032,2025-11-08,email,0
M00033,2025-12-27,in_app,0
M00033,2026-01-27,push,0
M00033,2026-02-14,email,0
M00033,2026-05-11,in_app,0
M00033,2026-06-09,push,0
M00033,2026-02-26,push,0
M00033,2025-09-28,push,0
M00033,2026-04-06,in_app,0
M00034,2026-03-03,push,1
M00034,2025-09-18,push,0
M00034,2026-03-21,push,0
M00034,2026-04-07,email,0
M00034,2026-02-07,email,0
M00034,2026-03-05,push,1
M00034,2026-01-08,push,0
M00035,2026-07-21,push,0
M00035,2025-12-04,in_app,1
M00035,2025-09-01,in_app,0
M00035,2026-01-06,push,0
M00035,2026-07-01,push,0
M00035,2025-10-10,push,0
M00035,2025-09-18,email,0
M00035,2026-05-16,in_app,0
M00035,2025-07-23,email,1
M00035,2026-04-12,in_app,0
M00036,2025-12-21,push,0
M00036,2025-09-20,in_app,0
M00036,2026-03-31,push,0
M00036,2025-08-30,push,0
M00036,2026-04-29,in_app,0
M00036,2025-08-11,push,1
M00036,2025-12-08,email,0
M00036,2026-03-28,email,1
M00036,2026-06-16,in_app,0
M00036,2025-09-21,push,0
M00037,2026-07-01,push,1
M00037,2025-07-31,email,1
M00037,2026-01-30,in_app,0
M00037,2026-07-03,in_app,0
M00037,2025-11-25,push,1
M00037,2025-12-19,in_app,1
M00037,2026-04-25,push,1
M00037,2026-01-29,in_app,0
M00037,2026-04-07,in_app,0
M00037,2026-02-27,email,0
M00037,2026-06-25,push,0
M00037,2025-10-13,push,1
M00038,2025-09-25,in_app,0
M00038,2025-11-27,email,0
M00038,2025-10-15,push,0
M00038,2026-07-05,email,0
M00038,2025-12-04,email,0
M00039,2026-04-10,email,0
M00039,2025-09-02,push,0
M00039,2025-10-19,push,1
M00039,2025-11-25,email,0
M00039,2025-10-19,push,1
M00039,2026-05-27,in_app,0
M00039,2025-10-10,in_app,0
M00039,2025-09-11,push,0
M00039,2025-08-06,email,0
M00040,2025-10-21,push,1
M00040,2026-04-02,push,1
M00040,2025-12-25,email,1
M00040,2026-04-17,email,1
M00040,2025-10-20,push,1
M00040,2026-06-09,in_app,0
M00040,2025-10-29,push,1
M00041,2026-06-11,push,0
M00041,2026-06-02,in_app,0
M00041,2026-02-01,push,0
M00041,2025-08-16,push,0
M00041,2025-12-28,push,0
M00041,2026-02-10,email,0
M00041,2025-10-14,email,0
M00041,2025-09-27,push,0
M00041,2026-03-15,push,0
M00041,2025-09-23,push,0
M00041,2026-01-01,push,0
M00041,2026-01-11,in_app,0
M00041,2026-05-08,in_app,0
M00042,2025-11-13,push,0
M00042,2025-08-04,email,1
M00042,2025-11-01,in_app,1
M00042,2026-06-10,in_app,0
M00042,2026-04-15,email,1
M00042,2026-06-12,in_app,1
M00042,2025-12-25,email,0
M00042,2025-08-30,in_app,0
M00043,2025-10-28,push,0
M00043,2025-10-07,in_app,1
M00043,2026-01-26,in_app,0
M00043,2026-06-14,in_app,0
M00043,2026-06-27,email,0
M00043,2026-07-12,in_app,0
M00044,2025-09-13,push,1
M00044,2025-11-15,push,0
M00044,2025-10-23,email,0
M00044,2026-03-18,email,0
M00044,2026-01-24,push,0
M00044,2026-07-07,email,1
M00044,2025-11-13,push,1
M00045,2025-07-23,in_app,1
M00045,2026-05-30,in_app,1
M00045,2026-03-06,push,1
M00045,2026-03-29,email,0
M00045,2025-10-15,email,0
M00045,2026-04-19,email,1
M00045,2026-06-24,in_app,0
M00045,2026-03-05,email,0
M00045,2026-07-17,email,1
M00046,2026-04-13,push,0
M00046,2025-08-21,email,1
M00046,2025-10-02,in_app,0
M00046,2026-06-10,in_app,1
M00046,2026-03-17,email,1
M00046,2025-10-21,push,0
M00046,2026-05-30,push,0
M00046,2026-02-19,in_app,0
M00047,2025-11-24,email,1
M00047,2025-11-08,push,0
M00047,2026-01-21,push,0
M00047,2026-05-15,push,1
M00047,2026-05-17,push,0
M00047,2026-01-27,email,1
M00047,2025-09-13,email,1
M00047,2026-01-20,email,0
M00047,2025-12-17,push,0
M00047,2025-08-05,push,1
M00047,2026-03-30,in_app,0
M00048,2026-04-04,push,1
M00048,2025-10-04,email,1
M00048,2025-08-09,push,0
M00048,2025-09-23,in_app,0
M00048,2026-04-27,email,1
M00048,2025-10-28,in_app,1
M00048,2026-06-02,push,1
M00049,2026-05-09,email,0
M00049,2025-11-27,email,0
M00049,2025-07-23,in_app,0
M00049,2026-02-01,push,0
M00049,2026-04-06,push,0
M00049,2025-12-11,email,0
M00049,2025-12-16,in_app,1
M00049,2026-03-22,in_app,0
M00049,2026-04-10,push,0
M00049,2026-01-29,push,1
M00050,2026-06-19,in_app,1
M00050,2026-06-05,email,1
M00050,2025-12-11,push,1
M00050,2025-09-22,email,1
M00051,2025-12-29,in_app,0
M00051,2026-01-07,push,1
M00051,2026-06-10,email,0
M00052,2026-07-13,in_app,0
M00052,2026-07-22,push,0
M00052,2025-12-07,email,1
M00052,2025-08-29,email,0
M00052,2026-06-03,push,1
M00052,2026-04-14,email,1
M00052,2026-03-10,in_app,0
M00052,2026-01-14,email,1
M00053,2025-10-28,push,1
M00053,2025-11-09,in_app,0
M00053,2025-10-06,push,1
M00054,2025-09-01,push,1
M00054,2025-11-13,in_app,1
M00054,2026-01-19,push,0
M00054,2026-07-18,push,0
M00054,2026-05-16,push,1
M00054,2026-03-26,push,0
M00054,2026-07-10,in_app,0
M00054,2026-04-30,in_app,0
M00054,2025-10-10,in_app,0
M00054,2026-07-02,push,0
M00055,2025-10-14,push,0
M00055,2026-07-05,email,1
M00055,2026-02-05,email,1
M00055,2026-01-02,in_app,1
M00055,2025-12-11,in_app,0
M00056,2026-01-16,in_app,0
M00056,2026-03-10,email,1
M00056,2026-06-16,push,1
M00056,2026-05-31,in_app,1
M00056,2026-04-22,in_app,1
M00057,2025-10-09,push,1
M00057,2026-06-05,in_app,0
M00057,2026-07-15,email,1
M00057,2026-06-18,email,0
M00057,2025-12-12,email,1
M00057,2026-03-20,email,0
M00057,2026-04-02,email,1
M00058,2026-05-09,email,0
M00058,2026-05-30,push,1
M00058,2025-12-30,push,0
M00058,2026-03-31,push,1
M00059,2025-09-01,email,0
M00059,2026-01-09,email,0
M00059,2026-07-01,in_app,1
M00059,2025-11-27,push,1
M00059,2026-04-09,in_app,0
M00059,2025-10-07,push,0
M00059,2025-11-22,in_app,0
M00059,2025-10-10,push,1
M00059,2026-03-12,push,0
M00059,2026-06-14,in_app,0
M00059,2026-05-07,in_app,1
M00060,2025-11-09,in_app,1
M00060,2026-05-18,email,0
M00060,2025-07-27,in_app,1
M00060,2026-05-08,email,0
M00060,2026-03-04,in_app,0
M00060,2026-01-04,in_app,0
M00060,2025-11-04,email,0
M00060,2025-11-25,email,0
M00060,2026-01-12,push,0
M00060,2026-06-30,push,0
M00061,2025-10-29,in_app,1
M00061,2026-03-27,email,1
M00061,2025-08-05,push,0
M00061,2026-06-09,email,1
M00061,2026-07-12,push,1
M00061,2025-07-27,email,1
M00061,2026-05-16,email,1
M00061,2025-12-28,email,0
M00061,2026-06-12,in_app,0
M00061,2025-11-30,in_app,0
M00062,2025-09-12,email,0
M00062,2026-05-17,email,0
M00062,2026-07-16,push,0
M00062,2026-04-21,email,0
M00062,2026-05-05,in_app,0
M00062,2025-12-05,push,0
M00062,2025-09-22,push,0
M00062,2026-01-22,push,0
M00062,2026-01-23,push,0
M00062,2025-11-14,push,0
M00063,2025-11-06,push,1
M00063,2026-05-03,push,1
M00063,2025-09-23,push,1
M00063,2025-12-18,in_app,0
M00063,2026-03-29,in_app,1
M00063,2026-04-06,email,0
M00063,2025-11-17,push,0
M00063,2026-03-22,push,0
M00063,2026-04-08,in_app,1
M00064,2026-01-25,push,0
M00064,2025-10-21,email,0
M00064,2026-07-23,email,0
M00064,2026-02-01,push,0
M00064,2026-01-27,email,0
M00064,2026-04-10,email,0
M00064,2026-07-13,in_app,0
M00064,2025-08-01,email,1
M00065,2026-02-03,in_app,1
M00065,2025-09-21,in_app,0
M00065,2025-10-19,email,0
M00065,2025-08-30,email,0
M00065,2025-09-28,push,1
M00065,2026-01-02,push,0
M00065,2026-03-19,email,0
M00066,2025-08-26,email,0
M00066,2025-09-10,push,0
M00066,2026-03-05,email,1
M00066,2026-02-12,in_app,0
M00066,2025-10-12,in_app,0
M00066,2026-05-08,in_app,0
M00066,2025-12-30,in_app,1
M00066,2026-04-23,in_app,1
M00066,2025-10-24,in_app,0
M00066,2026-03-27,in_app,0
M00066,2025-10-13,push,0
M00066,2026-03-10,push,0
M00067,2026-05-21,push,0
M00067,2025-12-17,email,1
M00067,2025-12-31,in_app,1
M00067,2026-01-16,email,0
M00067,2026-02-02,push,0
M00067,2025-10-17,in_app,0
M00067,2026-03-30,in_app,0
M00067,2025-07-30,email,0
M00067,2026-05-27,email,0
M00067,2026-05-27,email,0
M00067,2026-07-23,email,0
M00067,2026-06-10,email,0
M00067,2026-01-25,email,0
M00068,2026-01-22,push,0
M00068,2025-08-01,email,0
M00068,2025-12-12,email,0
M00068,2025-12-02,push,0
M00068,2025-12-17,push,0
M00068,2026-01-23,push,0
M00068,2026-01-01,in_app,0
M00068,2026-02-03,email,0
M00068,2026-05-09,email,0
M00069,2026-01-03,in_app,0
M00069,2026-06-07,email,1
M00069,2025-12-09,in_app,0
M00069,2025-11-08,email,1
M00069,2026-01-24,in_app,0
M00069,2025-11-04,email,0
M00070,2026-06-12,email,0
M00070,2026-06-21,email,0
M00070,2026-02-26,push,0
M00070,2026-05-18,email,0
M00070,2025-12-27,push,0
M00070,2026-03-17,email,0
M00071,2025-10-24,in_app,0
M00071,2025-11-17,in_app,0
M00071,2026-03-08,in_app,0
M00071,2026-01-30,in_app,1
M00071,2026-01-24,email,1
M00071,2025-08-15,push,0
M00071,2026-03-14,email,1
M00071,2026-03-09,in_app,0
M00071,2026-02-23,in_app,0
M00071,2025-09-22,in_app,1
M00071,2025-08-26,in_app,1
M00071,2025-08-14,push,0
M00071,2026-07-02,email,0
M00071,2025-08-18,email,1
M00071,2026-04-02,email,1
M00071,2026-01-07,push,0
M00072,2025-08-14,in_app,1
M00072,2025-10-25,push,0
M00072,2026-06-29,email,0
M00072,2025-10-03,in_app,1
M00072,2026-03-16,in_app,0
M00072,2026-05-15,email,0
M00072,2025-10-07,in_app,0
M00072,2026-01-13,push,1
M00072,2026-01-25,push,0
M00072,2025-09-14,in_app,0
M00073,2026-04-08,in_app,0
M00073,2026-01-18,push,0
M00073,2026-01-28,push,1
M00073,2026-04-24,in_app,0
M00073,2025-11-15,email,0
M00073,2025-08-11,email,0
M00073,2026-01-01,push,1
M00073,2026-07-03,email,0
M00074,2026-05-25,in_app,0
M00074,2025-10-05,push,0
M00074,2025-11-22,push,1
M00074,2026-04-12,email,0
M00074,2025-09-19,email,0
M00074,2026-05-19,email,0
M00074,2025-12-03,email,0
M00074,2025-09-29,email,0
M00074,2025-09-18,email,1
M00074,2026-06-26,email,0
M00074,2025-08-26,email,0
M00074,2026-07-04,email,0
M00075,2025-07-25,email,1
M00075,2026-05-12,push,1
M00075,2025-09-23,push,1
M00075,2026-05-16,email,1
M00075,2026-05-12,email,1
M00075,2026-06-30,push,0
M00075,2025-11-03,push,1
M00075,2025-12-18,email,1
M00075,2025-11-18,push,1
M00075,2025-12-10,email,0
M00075,2026-06-28,push,1
M00075,2026-07-01,push,0
M00075,2026-05-27,in_app,1
M00076,2026-04-27,email,0
M00076,2025-12-13,push,0
M00076,2025-11-05,email,1
M00076,2026-05-11,push,0
M00076,2025-09-01,in_app,0
M00076,2026-04-12,in_app,0
M00076,2026-01-21,email,0
M00076,2026-01-29,in_app,1
M00076,2026-06-20,push,0
M00076,2025-11-06,in_app,1
M00076,2026-02-06,push,0
M00077,2026-02-07,email,1
M00077,2025-07-27,push,1
M00077,2025-08-05,in_app,1
M00077,2025-12-10,email,1
M00077,2026-06-16,in_app,1
M00077,2025-12-11,email,1
M00077,2026-05-09,email,1
M00078,2026-02-26,in_app,0
M00078,2026-06-06,push,0
M00078,2026-03-27,in_app,0
M00078,2026-01-04,push,1
M00078,2025-11-08,email,0
M00078,2025-11-08,email,1
M00079,2025-10-01,in_app,1
M00079,2026-05-12,push,0
M00079,2026-05-01,push,1
M00079,2025-12-16,in_app,0
M00079,2025-10-24,in_app,1
M00080,2026-04-06,push,1
M00080,2025-10-06,push,1
M00080,2025-10-02,email,0
M00080,2026-07-22,email,0
M00080,2025-10-13,push,0
M00081,2025-10-29,push,0
M00081,2026-02-06,in_app,0
M00081,2025-11-17,email,0
M00082,2026-06-09,push,1
M00082,2026-02-06,in_app,1
M00082,2026-04-03,email,1
M00082,2025-09-18,in_app,1
M00082,2026-04-13,email,0
M00082,2025-12-26,email,0
M00082,2025-08-14,push,1
M00082,2025-12-26,push,1
M00082,2025-11-20,in_app,0
M00082,2026-06-24,in_app,0
M00082,2025-07-29,in_app,0
M00082,2026-05-19,in_app,0
M00082,2026-06-25,email,0
M00083,2026-05-10,in_app,1
M00083,2025-10-03,email,1
M00083,2026-06-16,in_app,0
M00083,2026-05-02,email,0
M00083,2026-04-15,email,0
M00083,2025-12-28,email,0
M00083,2025-12-21,email,1
M00083,2026-07-01,email,0
M00083,2025-07-31,in_app,1
M00083,2025-11-13,push,0
M00083,2025-11-30,email,1
M00084,2026-06-16,push,0
M00084,2026-03-21,in_app,0
M00084,2026-05-05,push,0
M00084,2025-10-26,email,0
M00084,2025-11-05,push,1
M00084,2026-04-21,in_app,0
M00084,2025-09-29,push,0
M00084,2025-12-21,push,0
M00084,2026-03-05,email,0
M00084,2026-01-31,push,0
M00084,2026-07-21,push,0
M00084,2025-09-14,email,1
M00085,2025-11-11,push,1
M00085,2025-10-20,push,0
M00085,2026-06-14,push,0
M00085,2025-11-20,push,0
M00085,2026-04-08,in_app,0
M00085,2025-12-07,in_app,1
M00085,2026-01-31,push,1
M00086,2025-09-06,in_app,0
M00086,2025-07-27,push,0
M00086,2026-05-25,email,0
M00086,2025-09-09,in_app,0
M00086,2026-06-30,push,0
M00086,2025-10-15,push,0
M00086,2026-06-23,push,0
M00087,2026-04-21,in_app,0
M00087,2025-08-25,push,1
M00087,2025-10-18,push,1
M00087,2025-10-28,push,1
M00087,2025-08-17,in_app,1
M00087,2026-04-09,push,1
M00087,2025-09-21,in_app,0
M00087,2025-08-25,in_app,1
M00087,2026-03-22,email,1
M00087,2026-02-14,push,1
M00088,2026-06-21,in_app,1
M00088,2025-11-11,email,1
M00088,2026-03-30,push,1
M00088,2026-06-15,in_app,0
M00089,2025-09-10,email,1
M00089,2025-09-03,in_app,0
M00089,2026-06-17,push,1
M00089,2026-07-03,push,1
M00089,2026-01-08,push,1
M00089,2025-09-03,email,0
M00089,2026-06-26,push,1
M00089,2026-07-03,in_app,0
M00089,2025-08-07,push,0
M00090,2025-12-30,in_app,0
M00090,2026-02-12,in_app,0
M00090,2026-01-30,push,1
M00090,2026-03-05,push,1
M00090,2025-12-11,email,1
M00090,2025-10-22,push,1
M00090,2025-08-01,in_app,0
M00090,2026-03-18,in_app,0
M00090,2026-05-05,push,1
M00090,2025-09-30,in_app,0
M00090,2026-05-17,push,1
M00091,2026-07-03,in_app,1
M00091,2025-10-05,in_app,0
M00091,2026-07-21,in_app,0
M00091,2026-05-29,email,1
M00091,2026-06-04,email,0
M00091,2026-07-04,push,1
M00091,2025-10-07,in_app,0
M00092,2025-08-06,in_app,1
M00092,2026-02-13,in_app,0
M00092,2025-12-26,email,1
M00092,2025-12-21,email,0
M00092,2026-04-12,push,0
M00092,2026-04-10,email,0
M00092,2025-11-17,email,0
M00093,2026-07-20,email,0
M00093,2025-08-10,in_app,0
M00093,2025-07-30,email,1
M00093,2025-10-08,in_app,0
M00093,2026-04-01,email,1
M00093,2025-11-13,push,0
M00093,2026-04-13,push,1
M00093,2025-12-11,push,0
M00094,2025-10-03,push,0
M00094,2026-03-06,in_app,0
M00094,2025-11-10,in_app,0
M00094,2026-04-10,email,0
M00094,2026-04-20,email,0
M00094,2025-11-23,in_app,0
M00094,2026-06-06,email,0
M00094,2026-01-18,push,0
M00094,2025-08-09,email,1
M00095,2025-12-19,push,0
M00095,2026-07-07,in_app,0
M00095,2026-05-31,email,0
M00095,2025-11-15,push,0
M00095,2025-07-24,push,0
M00095,2025-07-26,in_app,0
M00095,2026-01-06,push,1
M00095,2025-08-06,push,0
M00095,2026-01-10,in_app,1
M00095,2025-09-16,push,1
M00095,2026-03-31,push,0
M00096,2025-10-08,push,0
M00096,2025-09-13,in_app,1
M00096,2026-04-20,email,1
M00096,2025-11-24,email,0
M00096,2025-12-04,push,1
M00096,2026-01-05,push,0
M00096,2025-08-31,in_app,0
M00096,2025-10-17,email,0
M00096,2025-12-22,push,1
M00096,2026-03-22,push,0
M00096,2025-12-21,in_app,1
M00097,2026-05-22,in_app,0
M00097,2026-04-14,in_app,0
M00097,2025-09-09,push,0
M00097,2026-01-10,push,1
M00097,2025-08-27,in_app,0
M00097,2026-01-16,email,0
M00097,2026-04-22,push,0
M00097,2026-03-15,push,1
M00097,2026-01-06,email,0
M00097,2026-03-21,push,0
M00097,2026-03-25,push,0
M00097,2025-11-18,email,0
M00098,2025-09-06,in_app,1
M00098,2026-03-09,push,0
M00098,2026-03-25,in_app,1
M00098,2025-12-14,push,0
M00098,2026-04-07,push,1
M00098,2025-12-20,email,1
M00098,2025-10-10,in_app,0
M00098,2025-09-24,email,0
M00099,2026-01-20,in_app,1
M00099,2026-01-18,push,0
M00099,2025-11-14,email,0
M00099,2026-05-27,in_app,1
M00099,2026-04-11,in_app,1
M00099,2026-04-11,push,0
M00099,2026-03-26,push,1
M00100,2026-04-07,in_app,1
M00100,2026-03-27,push,0
M00100,2025-09-26,push,1
M00100,2026-02-15,push,0
M00100,2025-12-15,push,0
M00101,2025-11-20,push,0
M00101,2025-09-27,in_app,0
M00101,2026-03-24,email,0
M00101,2026-06-26,in_app,1
M00101,2025-08-17,push,0
M00101,2025-10-17,email,0
M00101,2026-01-05,in_app,0
M00102,2026-05-15,push,1
M00102,2025-11-25,in_app,0
M00103,2025-07-25,push,0
M00103,2026-06-03,email,1
M00103,2025-10-22,push,1
M00103,2026-06-13,email,0
M00103,2025-09-22,push,0
M00103,2025-12-20,email,0
M00103,2026-01-10,in_app,1
M00103,2026-03-20,push,1
M00103,2025-12-25,email,1
M00103,2026-03-19,in_app,0
M00103,2025-08-31,in_app,1
M00103,2026-07-14,in_app,1
M00104,2025-09-03,in_app,1
M00104,2026-04-13,push,1
M00104,2025-12-01,in_app,0
M00104,2026-04-28,in_app,1
M00104,2026-06-12,in_app,1
M00104,2025-10-05,in_app,0
M00104,2025-12-27,email,1
M00104,2025-08-16,push,0
M00104,2026-04-16,in_app,0
M00104,2026-01-03,push,0
M00104,2026-03-28,push,1
M00105,2026-02-03,in_app,1
M00105,2025-11-11,in_app,0
M00105,2026-06-22,in_app,1
M00105,2026-05-13,push,0
M00105,2026-04-11,email,1
M00106,2025-10-17,email,0
M00106,2026-07-14,email,1
M00106,2026-07-03,push,0
M00106,2026-07-19,push,0
M00106,2025-11-03,in_app,0
M00106,2025-09-02,in_app,0
M00106,2026-04-28,push,0
M00106,2026-03-10,in_app,1
M00106,2025-08-08,in_app,0
M00107,2025-10-15,email,1
M00107,2025-08-07,push,0
M00107,2025-09-17,push,0
M00107,2025-08-08,in_app,0
M00107,2026-03-08,push,1
M00107,2026-01-02,in_app,0
M00107,2026-01-19,push,0
M00107,2025-09-18,push,1
M00107,2026-07-23,email,0
M00107,2025-11-18,push,0
M00107,2026-03-13,email,0
M00107,2026-04-24,in_app,0
M00108,2025-11-10,in_app,1
M00108,2026-06-25,push,1
M00108,2026-05-07,in_app,0
M00108,2025-12-11,in_app,0
M00108,2025-10-10,push,1
M00108,2025-09-27,push,0
M00108,2026-04-15,email,1
M00108,2025-08-01,in_app,1
M00108,2026-07-02,in_app,1
M00109,2026-01-19,push,0
M00109,2025-12-16,email,1
M00109,2026-03-14,email,1
M00109,2026-04-02,in_app,1
M00109,2025-08-29,push,1
M00109,2026-01-01,email,1
M00109,2025-08-26,in_app,0
M00110,2026-05-29,email,1
M00110,2025-08-21,in_app,1
M00110,2025-12-06,email,0
M00110,2026-04-14,email,1
M00110,2025-07-27,email,1
M00110,2025-09-14,push,0
M00110,2025-07-24,email,0
M00110,2026-02-10,email,0
M00111,2026-01-24,push,0
M00111,2026-02-23,push,1
M00111,2026-07-01,email,0
M00111,2026-01-13,push,1
M00111,2025-10-21,in_app,0
M00111,2026-07-17,in_app,0
M00111,2025-08-21,email,1
M00111,2025-10-16,push,1
M00111,2025-10-01,push,0
M00112,2026-07-13,email,0
M00112,2026-03-31,in_app,0
M00112,2026-06-25,in_app,1
M00112,2025-08-19,push,1
M00112,2026-04-12,in_app,1
M00112,2026-07-03,in_app,0
M00112,2025-08-07,push,1
M00112,2026-01-31,push,0
M00112,2025-09-04,push,0
M00112,2026-02-21,push,0
M00112,2026-07-06,in_app,1
M00112,2026-05-27,email,1
M00113,2025-11-05,push,0
M00113,2026-04-11,in_app,0
M00113,2025-08-14,push,0
M00113,2026-01-07,in_app,1
M00113,2025-08-02,email,1
M00113,2026-05-10,email,1
M00113,2025-11-15,email,1
M00113,2026-06-01,email,1
M00113,2026-07-11,in_app,0
M00113,2026-05-12,email,0
M00114,2025-08-18,email,0
M00114,2025-08-26,in_app,0
M00114,2026-01-12,in_app,1
M00114,2026-07-10,email,1
M00114,2025-07-27,email,0
M00114,2026-05-26,in_app,0
M00114,2025-08-25,in_app,0
M00114,2026-02-07,in_app,0
M00114,2026-02-26,in_app,0
M00115,2025-10-29,email,0
M00115,2026-05-12,email,0
M00115,2026-03-09,email,0
M00115,2026-01-27,in_app,1
M00115,2026-06-21,push,1
M00116,2025-08-03,push,1
M00116,2026-05-04,push,0
M00116,2025-09-09,in_app,1
M00116,2025-09-06,email,1
M00116,2026-06-17,push,1
M00116,2026-06-25,email,0
M00116,2025-08-20,push,0
M00116,2025-09-02,push,0
M00116,2025-09-28,email,0
M00116,2026-06-02,email,1
M00116,2026-03-07,in_app,1
M00117,2026-04-16,email,0
M00117,2026-05-13,email,0
M00118,2025-11-06,in_app,0
M00118,2025-10-29,email,1
M00118,2025-08-10,in_app,1
M00118,2025-11-13,push,1
M00118,2026-03-30,in_app,1
M00118,2026-05-05,push,1
M00118,2026-03-18,in_app,0
M00118,2025-10-25,email,0
M00119,2026-01-09,email,0
M00119,2026-05-02,email,0
M00119,2025-08-12,in_app,0
M00119,2026-05-31,in_app,0
M00119,2026-04-30,push,1
M00120,2026-04-06,push,0
M00120,2026-03-02,in_app,0
M00120,2026-01-02,email,1
M00120,2026-02-07,email,0
M00120,2026-07-10,email,0
M00120,2026-05-27,email,0
M00120,2026-04-19,in_app,0
M00120,2025-12-01,email,0
M00120,2026-03-01,email,0
M00120,2026-01-06,push,0
M00120,2025-12-09,email,0
M00121,2026-06-09,push,1
M00121,2026-03-17,in_app,0
M00121,2025-12-15,email,0
M00121,2025-12-25,in_app,0
M00121,2026-01-02,in_app,1
M00121,2025-08-16,email,1
M00122,2026-05-15,in_app,1
M00122,2025-10-08,push,1
M00122,2026-03-23,email,0
M00122,2026-07-10,in_app,1
M00122,2026-07-08,in_app,1
M00122,2026-07-07,email,1
M00122,2026-06-29,email,1
M00123,2026-03-28,push,0
M00123,2026-04-27,in_app,0
M00123,2025-08-13,in_app,0
M00123,2026-04-20,email,1
M00123,2026-01-08,email,1
M00123,2025-10-30,push,1
M00123,2025-12-17,email,0
M00123,2025-11-20,in_app,1
M00123,2025-07-30,email,1
M00123,2025-11-12,push,1
M00123,2025-10-12,push,0
M00123,2025-08-20,email,1
M00123,2026-05-23,push,1
M00124,2025-11-13,email,1
M00124,2025-08-27,push,0
M00124,2025-09-12,push,1
M00124,2025-10-23,in_app,0
M00124,2026-03-17,in_app,1
M00124,2026-05-16,email,0
M00125,2025-08-14,in_app,0
M00125,2026-01-11,push,1
M00125,2025-11-24,push,1
M00125,2025-11-12,in_app,1
M00125,2026-05-23,push,0
M00125,2026-06-17,in_app,1
M00125,2026-05-17,push,0
M00125,2026-05-09,in_app,1
M00126,2026-07-22,in_app,0
M00126,2025-08-02,email,0
M00126,2026-01-22,in_app,1
M00126,2026-01-14,email,1
M00126,2025-08-10,email,1
M00126,2025-08-19,email,1
M00126,2026-03-13,in_app,1
M00126,2026-03-01,push,1
M00127,2026-01-31,in_app,1
M00127,2025-11-12,push,1
M00127,2026-06-12,email,0
M00127,2026-01-08,push,0
M00127,2026-05-11,in_app,0
M00127,2026-04-09,push,0
M00127,2026-07-14,push,0
M00127,2026-06-19,in_app,0
M00127,2025-11-27,in_app,1
M00127,2025-10-15,in_app,1
M00127,2026-05-19,email,0
M00127,2025-11-05,push,0
M00128,2026-05-08,push,0
M00128,2025-08-16,push,1
M00128,2026-03-18,in_app,0
M00128,2026-06-05,push,0
M00128,2026-05-04,in_app,0
M00128,2026-01-18,push,1
M00128,2026-02-18,email,1
M00128,2026-05-31,in_app,1
M00128,2026-03-14,in_app,0
M00128,2026-01-31,in_app,0
M00129,2026-03-25,email,0
M00129,2026-04-26,email,0
M00129,2026-06-25,in_app,1
M00129,2025-11-20,in_app,0
M00129,2026-06-12,push,0
M00129,2026-07-22,push,0
M00129,2026-02-06,push,0
M00129,2026-01-02,in_app,1
M00129,2025-08-15,push,1
M00130,2026-06-19,push,1
M00130,2026-06-07,in_app,1
M00130,2025-09-06,in_app,1
M00131,2025-09-15,in_app,0
M00131,2025-12-23,push,0
M00131,2025-09-24,push,1
M00131,2025-08-15,email,0
M00131,2025-07-30,in_app,1
M00131,2026-03-23,email,0
M00132,2026-05-04,email,0
M00132,2025-12-24,email,1
M00132,2026-03-05,push,0
M00132,2025-10-05,email,1
M00132,2026-06-20,push,0
M00132,2025-09-18,in_app,0
M00132,2025-11-19,in_app,1
M00132,2026-03-23,in_app,0
M00133,2026-03-28,push,1
M00133,2025-08-10,push,0
M00133,2026-06-29,push,1
M00133,2025-10-22,in_app,0
M00133,2026-03-13,in_app,1
M00133,2026-02-16,email,0
M00133,2026-06-08,email,1
M00134,2025-08-06,in_app,0
M00134,2025-10-21,in_app,0
M00134,2026-01-16,in_app,1
M00134,2025-09-17,email,0
M00134,2026-01-24,push,1
M00134,2026-02-02,in_app,0
M00134,2026-02-03,push,0
M00135,2025-09-05,email,0
M00135,2025-12-13,push,0
M00135,2025-09-20,email,1
M00135,2026-04-26,in_app,1
M00135,2026-04-05,in_app,0
M00135,2025-10-04,in_app,0
M00136,2026-01-18,email,0
M00136,2026-04-04,email,0
M00136,2026-03-27,push,0
M00136,2026-02-09,in_app,0
M00136,2025-11-09,push,1
M00136,2025-12-07,email,0
M00136,2025-08-31,email,0
M00136,2025-11-04,email,1
M00137,2026-03-21,push,0
M00137,2025-10-29,email,0
M00137,2025-07-24,push,0
M00137,2026-03-31,push,0
M00137,2026-02-02,in_app,0
M00137,2026-02-27,in_app,0
M00137,2026-02-23,push,0
M00137,2025-07-29,email,0
M00138,2026-03-03,push,0
M00138,2026-05-20,in_app,1
M00138,2025-10-19,push,1
M00138,2025-09-06,push,0
M00138,2025-11-03,in_app,0
M00139,2026-02-17,in_app,1
M00139,2026-03-21,in_app,1
M00139,2025-09-06,in_app,1
M00139,2026-04-17,push,1
M00139,2025-08-24,push,1
M00139,2026-07-12,email,0
M00139,2026-01-19,email,0
M00139,2025-10-10,email,0
M00139,2026-05-09,email,0
M00139,2025-11-20,push,0
M00140,2025-07-31,email,0
M00140,2025-10-27,email,0
M00140,2025-10-12,email,1
M00140,2026-05-05,email,0
M00140,2025-07-31,push,0
M00140,2025-12-20,push,0
M00140,2025-11-03,push,1
M00140,2025-09-05,push,1
M00141,2026-04-27,in_app,0
M00141,2026-05-01,push,0
M00141,2026-05-22,email,0
M00141,2025-11-07,email,1
M00141,2025-07-29,email,0
M00141,2026-01-10,email,0
M00141,2025-07-24,push,1
M00141,2026-04-04,email,0
M00141,2026-04-07,push,0
M00141,2025-08-22,in_app,0
M00142,2025-10-08,in_app,1
M00142,2026-03-05,in_app,1
M00142,2025-08-24,push,0
M00142,2026-06-14,email,0
M00142,2025-11-12,email,1
M00142,2026-02-07,email,1
M00142,2025-10-03,email,0
M00142,2025-08-12,in_app,1
M00142,2026-02-24,push,1
M00143,2026-05-26,in_app,1
M00143,2026-02-14,email,1
M00143,2026-03-09,email,1
M00144,2026-05-03,in_app,0
M00144,2025-08-02,in_app,0
M00144,2025-10-28,in_app,0
M00144,2026-07-13,email,0
M00144,2026-07-09,email,0
M00144,2026-06-24,in_app,0
M00144,2026-01-23,push,0
M00144,2026-05-27,in_app,0
M00145,2025-08-15,in_app,0
M00145,2025-11-24,in_app,1
M00145,2025-09-05,in_app,1
M00145,2026-02-22,push,1
M00145,2025-10-14,in_app,1
M00145,2026-01-21,push,1
M00145,2025-08-16,email,1
M00145,2025-07-23,push,1
M00145,2025-11-08,push,1
M00145,2026-01-11,in_app,0
M00145,2026-01-19,push,0
M00145,2026-01-28,email,1
M00145,2025-10-19,in_app,0
M00145,2025-10-01,in_app,1
M00146,2026-05-24,push,0
M00146,2026-07-07,push,0
M00146,2025-07-26,in_app,0
M00146,2026-06-16,email,0
M00146,2025-12-13,push,0
M00146,2026-06-27,email,0
M00146,2025-09-07,email,0
M00146,2026-01-30,push,0
M00146,2025-12-16,email,1
M00147,2025-11-14,in_app,0
M00147,2026-06-19,in_app,0
M00147,2025-08-19,push,1
M00147,2026-03-19,push,1
M00147,2026-03-06,email,1
M00147,2025-12-01,email,1
M00147,2025-09-09,push,1
M00147,2026-06-06,push,0
M00147,2025-11-05,push,0
M00148,2025-10-16,in_app,0
M00148,2025-12-27,email,0
M00148,2025-09-26,in_app,0
M00148,2026-05-05,in_app,0
M00148,2025-11-01,email,0
M00148,2026-01-23,email,0
M00148,2025-10-03,in_app,0
M00148,2026-03-09,in_app,0
M00149,2026-03-22,in_app,0
M00149,2026-06-23,push,0
M00149,2026-01-22,email,0
M00149,2026-07-14,in_app,0
M00149,2025-09-21,in_app,1
M00149,2025-11-18,email,0
M00149,2026-01-26,in_app,0
M00149,2026-02-11,email,0
M00149,2025-11-22,push,0
M00150,2026-07-08,in_app,0
M00150,2026-07-11,in_app,0
M00150,2026-01-15,in_app,0
M00150,2026-02-25,push,1
M00150,2026-01-20,email,0
M00150,2025-08-09,push,0
M00150,2025-09-11,push,0
M00150,2025-11-14,push,1
M00150,2026-03-29,push,0
M00150,2026-04-15,push,0
M00151,2025-11-14,push,0
M00151,2026-01-18,email,0
M00151,2025-12-08,email,0
M00151,2026-06-29,email,1
M00151,2025-08-28,in_app,0
M00151,2025-10-25,email,0
M00151,2026-06-24,email,0
M00151,2025-11-24,push,0
M00152,2026-03-08,in_app,0
M00152,2026-06-22,email,0
M00152,2025-08-17,in_app,1
M00152,2026-06-16,in_app,0
M00152,2025-09-23,email,0
M00152,2026-07-09,email,0
M00152,2025-10-20,email,0
M00152,2025-08-13,email,1
M00152,2025-08-29,email,0
M00152,2026-02-15,in_app,0
M00152,2025-09-08,email,0
M00152,2025-09-08,in_app,0
M00153,2025-12-17,email,0
M00153,2026-07-14,push,0
M00153,2025-12-28,email,0
M00153,2026-05-08,in_app,0
M00153,2026-05-11,in_app,1
M00153,2026-06-12,push,0
M00154,2025-07-30,email,0
M00154,2026-07-09,in_app,0
M00154,2026-06-29,push,1
M00154,2025-12-04,in_app,0
M00154,2026-01-23,push,0
M00154,2026-03-13,push,0
M00154,2025-12-24,push,1
M00154,2025-12-16,push,1
M00155,2025-10-24,in_app,0
M00155,2025-09-12,email,0
M00155,2026-01-21,email,1
M00155,2026-01-28,in_app,0
M00155,2025-12-29,push,1
M00155,2026-05-01,email,1
M00155,2025-10-07,push,1
M00155,2025-12-03,push,0
M00155,2026-01-12,email,1
M00155,2025-11-27,push,1
M00155,2025-10-29,push,1
M00155,2025-09-26,in_app,0
M00156,2025-11-05,in_app,1
M00156,2026-04-19,email,0
M00156,2025-12-14,email,0
M00156,2025-12-29,push,1
M00156,2025-09-09,in_app,0
M00156,2025-10-08,email,0
M00156,2026-02-07,in_app,1
M00156,2025-10-11,in_app,1
M00156,2026-07-22,in_app,1
M00156,2025-12-28,push,1
M00156,2025-11-19,push,0
M00156,2026-05-19,email,0
M00157,2026-04-06,push,1
M00157,2025-11-08,push,0
M00157,2026-06-30,email,0
M00157,2025-09-02,in_app,0
M00157,2026-04-30,push,0
M00157,2025-11-06,push,0
M00157,2025-12-07,in_app,0
M00157,2026-02-15,in_app,1
M00157,2025-10-30,email,0
M00157,2026-05-27,push,1
M00157,2026-03-28,in_app,0
M00158,2025-10-03,email,1
M00158,2025-09-24,email,1
M00158,2026-01-19,email,0
M00158,2026-02-24,email,0
M00158,2026-03-20,in_app,1
M00158,2025-08-02,email,0
M00158,2025-11-15,email,0
M00158,2025-09-06,push,0
M00158,2025-11-11,email,1
M00158,2025-07-23,push,1
M00158,2026-02-21,in_app,0
M00158,2026-06-04,in_app,1
M00158,2026-02-24,email,0
M00159,2026-01-23,in_app,1
M00159,2025-12-15,push,1
M00159,2026-01-04,push,0
M00159,2026-04-17,email,0
M00159,2026-05-03,email,0
M00159,2026-02-16,email,1
M00159,2025-09-13,in_app,1
M00159,2025-08-19,push,0
M00159,2026-04-14,email,0
M00159,2025-10-21,push,0
M00160,2025-10-21,in_app,0
M00160,2025-11-10,push,0
M00160,2025-08-03,in_app,1
M00160,2026-06-16,email,0
M00160,2026-03-30,email,0
M00160,2026-06-09,in_app,0
M00160,2026-04-24,in_app,0
M00160,2025-11-17,push,0
M00160,2025-10-07,in_app,1
M00160,2025-10-28,email,0
M00161,2026-04-15,email,0
M00161,2026-01-10,email,0
M00161,2025-11-27,in_app,1
M00161,2026-01-05,in_app,0
M00161,2026-07-13,in_app,0
M00161,2026-04-06,push,0
M00161,2026-03-25,push,0
M00161,2025-12-19,push,0
M00161,2026-04-03,email,1
M00161,2026-06-08,in_app,0
M00162,2025-08-08,in_app,0
M00162,2026-04-02,email,1
M00162,2026-05-12,email,0
M00162,2026-01-09,in_app,0
M00162,2026-02-17,in_app,1
M00162,2025-12-02,email,1
M00162,2025-11-16,email,1
M00162,2025-12-19,email,1
M00162,2025-10-04,push,0
M00162,2026-06-29,in_app,1
M00162,2025-10-28,email,0
M00163,2025-10-10,in_app,0
M00163,2025-12-11,push,0
M00163,2025-10-29,push,1
M00163,2025-10-25,in_app,1
M00163,2025-08-03,push,0
M00163,2026-03-29,email,1
M00163,2026-07-05,email,1
M00163,2026-03-18,push,1
M00163,2026-04-07,push,1
M00164,2026-01-03,email,0
M00164,2026-06-30,push,0
M00164,2025-09-02,push,0
M00164,2025-07-25,push,0
M00164,2025-12-13,push,0
M00164,2026-01-28,push,0
M00164,2026-04-08,in_app,0
M00164,2025-11-10,email,1
M00164,2025-08-15,push,0
M00164,2026-04-10,push,0
M00164,2026-05-01,email,0
M00164,2025-08-05,in_app,0
M00164,2026-02-14,push,0
M00165,2025-10-20,in_app,0
M00165,2026-01-09,push,1
M00165,2026-05-27,in_app,0
M00165,2026-01-29,email,1
M00166,2026-03-19,email,0
M00166,2026-04-27,push,0
M00166,2025-12-30,in_app,1
M00166,2025-07-28,in_app,0
M00166,2026-07-09,email,0
M00166,2026-01-18,email,0
M00166,2026-06-04,email,0
M00166,2025-10-25,in_app,0
M00167,2025-11-14,email,1
M00167,2026-04-26,email,0
M00167,2026-03-09,in_app,1
M00167,2025-11-01,in_app,0
M00167,2026-05-20,email,0
M00167,2025-08-27,push,0
M00167,2026-05-23,in_app,0
M00167,2025-09-11,push,1
M00167,2026-06-19,in_app,0
M00167,2026-06-26,email,0
M00167,2026-06-11,push,1
M00168,2026-01-31,in_app,1
M00168,2026-02-28,in_app,0
M00168,2026-05-04,in_app,0
M00168,2025-08-26,push,0
M00168,2026-02-15,email,0
M00168,2026-05-24,in_app,0
M00168,2026-03-10,in_app,0
M00169,2025-08-30,push,1
M00169,2025-12-27,in_app,1
M00169,2025-08-07,in_app,0
M00169,2025-11-08,email,1
M00169,2026-03-14,in_app,1
M00169,2025-08-12,in_app,0
M00169,2026-04-28,email,1
M00169,2026-07-01,in_app,0
M00170,2025-10-07,email,1
M00170,2025-11-01,push,0
M00170,2025-11-20,in_app,0
M00170,2026-02-14,email,0
M00170,2026-06-25,in_app,0
M00170,2026-05-10,in_app,0
M00170,2025-11-17,email,0
M00170,2026-06-25,push,0
M00170,2025-08-14,email,0
M00170,2026-06-21,email,1
M00170,2026-07-14,email,0
M00170,2026-01-29,in_app,0
M00170,2025-10-28,in_app,0
M00170,2026-03-03,in_app,0
M00170,2026-01-08,in_app,0
M00170,2026-03-05,push,1
M00171,2026-06-15,push,0
M00171,2026-03-30,push,1
M00171,2026-02-08,email,0
M00171,2026-07-10,push,0
M00171,2026-04-27,email,1
M00171,2026-04-20,in_app,0
M00171,2026-02-23,email,0
M00171,2025-12-13,email,1
M00171,2025-08-25,push,0
M00171,2025-08-13,push,0
M00172,2025-10-30,push,1
M00172,2025-10-09,push,0
M00172,2025-09-24,in_app,0
M00172,2026-04-15,in_app,0
M00172,2025-08-19,in_app,0
M00172,2025-11-21,push,0
M00172,2025-09-19,in_app,0
M00172,2025-09-10,push,1
M00172,2026-02-04,email,1
M00172,2026-03-25,email,0
M00172,2026-06-09,in_app,0
M00173,2026-03-22,push,1
M00173,2026-02-07,email,0
M00173,2025-11-01,push,0
M00173,2025-12-31,push,0
M00173,2025-11-20,in_app,0
M00173,2025-12-16,email,1
M00173,2025-08-22,in_app,1
M00173,2026-03-16,push,0
M00173,2026-07-23,push,0
M00173,2025-11-26,in_app,0
M00174,2026-02-05,push,1
M00174,2026-01-24,email,1
M00174,2026-01-14,push,0
M00174,2025-10-28,push,1
M00174,2025-08-13,push,0
M00174,2025-11-17,email,1
M00174,2025-11-11,push,1
M00175,2026-04-18,push,0
M00175,2026-04-24,push,0
M00175,2026-02-19,push,1
M00175,2025-11-22,in_app,1
M00175,2026-05-24,push,0
M00175,2026-06-24,in_app,0
M00175,2025-11-24,email,1
M00175,2025-09-25,push,1
M00175,2025-11-19,in_app,0
M00175,2025-08-30,push,0
M00175,2025-07-25,email,1
M00175,2026-07-12,in_app,1
M00175,2025-10-24,email,0
M00175,2025-11-18,in_app,0
M00176,2025-12-29,push,1
M00176,2025-07-24,email,1
M00176,2026-02-09,in_app,0
M00176,2025-09-16,push,1
M00176,2025-11-15,push,1
M00176,2026-04-15,in_app,1
M00176,2026-01-30,push,1
M00176,2026-02-22,email,1
M00177,2026-02-10,push,0
M00177,2026-01-08,email,0
M00177,2025-08-25,in_app,0
M00177,2026-03-21,email,0
M00177,2026-03-17,in_app,0
M00177,2026-04-13,in_app,0
M00177,2026-02-14,push,0
M00177,2026-04-09,email,0
M00177,2025-10-03,in_app,0
M00177,2026-05-02,push,1
M00177,2025-12-10,push,1
M00178,2025-10-04,email,1
M00178,2026-01-09,email,0
M00178,2025-12-27,in_app,1
M00178,2026-07-23,push,0
M00178,2026-07-13,in_app,0
M00178,2025-12-29,push,0
M00178,2025-11-05,email,0
M00179,2025-12-02,email,0
M00179,2026-07-13,in_app,0
M00179,2026-06-06,email,1
M00179,2026-06-14,in_app,0
M00179,2026-06-09,email,0
M00179,2025-11-20,in_app,0
M00180,2026-01-10,in_app,0
M00180,2026-03-28,in_app,1
M00180,2026-01-23,email,0
M00180,2026-04-29,push,0
M00180,2025-08-02,push,0
M00180,2026-03-23,push,0
M00180,2025-08-24,email,0
M00180,2026-07-23,in_app,1
M00180,2025-08-04,email,0
M00181,2025-09-21,email,1
M00181,2025-10-13,in_app,1
M00181,2026-05-22,email,0
M00181,2026-03-26,push,0
M00181,2025-09-19,push,0
M00181,2025-08-26,push,0
M00181,2026-03-17,in_app,0
M00182,2025-08-21,in_app,0
M00182,2025-12-24,email,0
M00182,2026-06-09,push,0
M00182,2026-03-07,email,0
M00182,2025-12-28,email,0
M00182,2026-07-10,email,0
M00182,2026-02-16,in_app,0
M00183,2026-07-21,email,1
M00183,2026-03-14,in_app,0
M00183,2025-08-17,in_app,1
M00183,2025-10-06,in_app,1
M00183,2025-09-09,in_app,0
M00183,2026-01-29,in_app,1
M00183,2026-01-19,push,0
M00183,2026-06-15,push,1
M00183,2025-12-02,email,1
M00183,2026-05-22,email,0
M00184,2025-09-15,in_app,1
M00184,2025-11-20,push,0
M00184,2025-09-21,push,0
M00184,2025-11-04,push,0
M00184,2025-11-12,push,0
M00184,2025-11-08,email,0
M00184,2026-04-05,in_app,0
M00184,2026-05-12,in_app,1
M00184,2026-07-02,email,1
M00185,2025-09-06,email,1
M00185,2025-09-04,in_app,0
M00186,2026-01-04,email,0
M00186,2026-05-28,email,1
M00186,2025-07-26,email,1
M00186,2026-03-26,push,1
M00186,2026-04-06,email,0
M00186,2025-07-31,email,0
M00186,2025-11-11,email,0
M00186,2025-11-06,email,1
M00187,2025-09-30,in_app,0
M00187,2025-09-30,email,0
M00187,2026-01-28,in_app,0
M00187,2025-12-03,push,0
M00187,2026-02-04,push,0
M00187,2026-02-14,push,1
M00187,2026-05-14,email,0
M00187,2025-10-09,email,0
M00187,2025-10-01,email,0
M00187,2025-12-10,push,1
M00187,2025-11-21,push,0
M00188,2026-02-27,push,1
M00188,2026-06-07,in_app,1
M00188,2026-03-05,push,1
M00188,2026-02-07,push,0
M00188,2025-09-03,in_app,0
M00188,2025-12-20,email,0
M00188,2025-10-31,email,0
M00188,2025-11-04,email,0
M00188,2026-04-01,email,0
M00188,2026-02-01,push,0
M00188,2025-08-25,in_app,1
M00188,2026-03-26,push,1
M00189,2026-07-19,email,0
M00189,2025-12-02,email,0
M00189,2025-10-20,push,0
M00189,2025-12-14,push,0
M00189,2025-09-11,push,0
M00189,2026-04-16,in_app,1
M00189,2025-10-14,in_app,0
M00189,2025-08-30,email,1
M00190,2025-08-17,push,0
M00190,2025-12-26,push,1
M00190,2025-08-11,push,1
M00190,2025-08-08,push,1
M00190,2025-08-27,in_app,1
M00190,2025-12-28,email,0
M00190,2026-06-21,email,0
M00190,2026-05-17,push,1
M00190,2026-05-18,push,0
M00190,2025-09-13,push,0
M00190,2026-06-13,push,0
M00190,2025-12-14,in_app,1
M00190,2025-07-29,email,1
M00190,2026-02-07,email,0
M00190,2026-06-27,in_app,0
M00190,2025-12-20,email,1
M00190,2025-08-06,in_app,0
M00190,2026-03-20,email,1
M00191,2026-03-25,push,0
M00191,2025-09-20,in_app,1
M00191,2026-05-04,email,0
M00191,2026-01-16,email,0
M00191,2025-12-15,push,1
M00191,2026-03-30,email,0
M00191,2026-05-02,email,1
M00191,2025-10-06,email,1
M00191,2026-02-10,push,0
M00191,2025-10-05,in_app,0
M00191,2026-04-01,in_app,0
M00191,2026-02-26,email,0
M00191,2026-03-14,push,1
M00191,2026-03-05,push,0
M00191,2026-01-31,push,0
M00192,2025-07-30,push,1
M00192,2025-08-19,email,1
M00192,2026-05-19,email,1
M00192,2025-09-08,email,1
M00192,2026-04-29,push,0
M00192,2025-08-07,in_app,0
M00193,2026-04-28,push,0
M00193,2025-10-25,email,1
M00193,2026-04-15,email,0
M00193,2025-12-23,email,0
M00193,2025-08-03,email,0
M00193,2025-11-26,push,0
M00193,2026-05-27,email,0
M00193,2025-08-14,in_app,0
M00193,2026-04-24,email,0
M00193,2026-02-04,push,1
M00193,2025-08-24,in_app,0
M00193,2025-09-22,email,0
M00194,2026-06-23,in_app,0
M00194,2026-04-02,push,0
M00194,2026-05-30,email,0
M00194,2025-12-06,email,0
M00194,2025-12-25,in_app,0
M00194,2026-02-24,email,0
M00194,2025-08-14,email,0
M00194,2025-11-26,push,0
M00194,2025-07-25,email,1
M00194,2026-03-07,in_app,1
M00194,2026-04-10,email,0
M00194,2025-11-14,in_app,1
M00194,2026-06-08,push,0
M00195,2026-01-23,in_app,0
M00195,2026-06-01,push,0
M00195,2025-09-29,push,0
M00195,2026-05-17,in_app,0
M00195,2025-09-23,push,0
M00195,2026-02-14,in_app,0
M00195,2026-04-24,email,0
M00195,2025-11-19,email,1
M00196,2026-07-21,push,0
M00196,2025-12-04,in_app,0
M00196,2026-02-25,push,1
M00196,2025-12-06,push,1
M00196,2026-07-14,email,0
M00196,2025-08-02,in_app,1
M00197,2026-01-29,in_app,1
M00197,2026-02-16,push,1
M00197,2026-05-27,in_app,0
M00197,2025-12-15,push,1
M00197,2026-05-17,email,1
M00197,2025-12-14,in_app,1
M00197,2025-11-26,in_app,1
M00197,2026-03-06,email,1
M00197,2025-10-19,email,1
M00197,2025-09-12,email,0
M00197,2025-10-09,push,1
M00197,2025-12-03,in_app,1
M00197,2026-01-15,push,1
M00197,2026-02-10,email,0
M00197,2026-07-05,in_app,1
M00197,2025-08-07,in_app,1
M00197,2025-07-30,email,1
M00198,2026-05-18,email,0
M00198,2025-10-24,email,0
M00198,2025-12-20,push,0
M00198,2026-02-03,in_app,0
M00198,2026-02-04,in_app,0
M00198,2026-06-09,email,0
M00198,2026-04-09,in_app,1
M00198,2025-12-12,push,0
M00198,2026-02-18,email,1
M00198,2025-07-28,in_app,1
M00198,2025-11-14,push,0
M00199,2026-01-23,in_app,0
M00199,2025-10-14,in_app,0
M00199,2025-12-24,email,0
M00199,2025-10-12,push,0
M00199,2025-09-26,email,1
M00199,2025-10-20,push,0
M00199,2026-02-25,email,0
M00199,2026-02-10,push,0
M00200,2025-11-18,push,1
M00200,2025-12-05,push,1
M00200,2026-05-29,push,0
M00200,2026-06-05,push,0
M00200,2026-05-27,email,1
M00200,2026-05-26,push,1
M00200,2026-03-29,push,1
M00200,2026-01-26,email,0
M00200,2025-12-01,email,1
M00200,2026-06-21,push,1
M00200,2026-03-30,push,0
M00200,2026-06-24,in_app,1
M00200,2025-12-09,in_app,1
M00200,2026-01-07,email,0
M00200,2026-03-19,email,1
M00200,2025-12-25,email,1
M00200,2026-05-10,push,1
M00200,2026-05-19,in_app,0
M00201,2026-01-01,email,0
M00201,2026-03-24,in_app,0
M00201,2025-11-17,push,1
M00201,2025-12-20,email,0
M00201,2025-10-04,push,0
M00201,2026-01-07,email,0
M00201,2026-05-26,push,0
M00201,2025-10-23,email,1
M00201,2025-08-08,push,0
M00202,2025-10-07,email,1
M00202,2026-05-07,in_app,0
M00202,2025-09-15,in_app,0
M00202,2026-05-13,push,0
M00202,2026-03-08,in_app,1
M00202,2026-05-30,email,1
M00202,2026-03-10,email,1
M00202,2025-10-03,push,1
M00202,2026-02-05,email,1
M00202,2025-10-06,push,0
M00202,2026-01-14,in_app,1
M00202,2026-01-30,in_app,0
M00202,2025-11-03,in_app,1
M00202,2025-08-20,in_app,1
M00203,2026-06-09,email,1
M00203,2026-04-08,email,0
M00203,2026-01-11,in_app,1
M00203,2025-08-24,push,1
M00203,2026-02-01,email,0
M00203,2025-11-21,email,1
M00203,2026-06-08,email,1
M00203,2025-11-01,in_app,0
M00203,2026-04-07,push,1
M00204,2025-10-05,email,0
M00204,2026-04-18,email,0
M00204,2026-01-03,push,0
M00204,2026-01-31,email,0
M00204,2026-01-16,push,0
M00204,2025-12-26,push,1
M00204,2026-06-11,in_app,0
M00204,2025-09-11,in_app,0
M00204,2026-04-07,push,0
M00204,2026-04-16,in_app,1
M00204,2025-12-04,push,0
M00204,2026-01-25,in_app,0
M00204,2026-01-27,email,1
M00204,2026-05-27,in_app,0
M00205,2026-02-19,push,0
M00205,2026-06-15,email,0
M00205,2025-10-27,push,0
M00206,2026-06-06,push,1
M00206,2025-07-25,in_app,0
M00206,2026-02-17,email,1
M00206,2026-06-23,push,0
M00206,2025-09-13,email,0
M00206,2025-10-19,in_app,0
M00206,2025-08-03,push,1
M00206,2025-12-02,email,0
M00206,2025-09-09,push,0
M00206,2025-07-27,email,1
M00207,2025-12-15,in_app,1
M00207,2025-11-10,email,0
M00207,2026-05-25,in_app,1
M00207,2025-12-09,email,1
M00207,2025-08-04,email,1
M00207,2025-11-24,in_app,1
M00207,2025-11-30,push,1
M00207,2026-06-30,in_app,1
M00207,2025-11-03,email,0
M00208,2026-02-01,email,0
M00208,2026-02-19,email,1
M00208,2026-06-10,in_app,0
M00208,2026-06-29,email,1
M00208,2025-09-20,in_app,1
M00209,2025-12-18,email,0
M00209,2025-10-30,email,0
M00209,2026-05-26,email,0
M00209,2026-06-09,email,1
M00209,2026-04-01,push,1
M00209,2026-06-14,in_app,1
M00209,2026-01-03,push,0
M00209,2026-06-02,email,1
M00209,2026-04-13,email,0
M00209,2026-01-27,push,0
M00210,2026-01-10,email,0
M00210,2025-11-19,in_app,0
M00210,2025-08-12,email,0
M00210,2026-06-28,push,0
M00210,2026-03-21,email,0
M00210,2026-07-03,push,1
M00210,2025-07-30,email,1
M00210,2026-01-02,push,1
M00210,2026-02-09,in_app,1
M00210,2026-04-05,push,1
M00211,2025-11-13,in_app,0
M00211,2025-11-26,push,1
M00211,2026-03-18,push,0
M00211,2025-11-02,in_app,0
M00211,2026-07-12,push,1
M00211,2025-12-30,push,1
M00211,2025-10-17,in_app,1
M00211,2025-08-01,push,0
M00212,2025-12-26,in_app,0
M00212,2025-10-13,in_app,1
M00212,2026-01-31,in_app,0
M00212,2025-10-13,in_app,1
M00212,2025-12-12,email,0
M00212,2025-12-29,email,0
M00212,2025-10-04,push,0
M00212,2026-04-04,in_app,1
M00212,2025-10-10,in_app,1
M00212,2025-10-23,email,0
M00212,2025-09-02,push,1
M00213,2025-12-01,in_app,0
M00213,2025-07-30,push,0
M00213,2026-04-30,in_app,0
M00213,2025-10-14,push,0
M00213,2026-05-22,in_app,0
M00213,2026-03-02,in_app,0
M00213,2026-06-21,in_app,1
M00213,2026-01-30,in_app,1
M00213,2025-10-21,email,0
M00213,2025-07-25,in_app,0
M00213,2026-01-02,email,0
M00214,2025-11-24,email,0
M00214,2026-02-09,in_app,0
M00214,2025-10-08,push,1
M00214,2026-03-18,in_app,0
M00214,2025-08-23,email,1
M00214,2026-04-11,email,0
M00214,2025-10-14,in_app,1
M00214,2026-01-13,push,1
M00214,2025-12-18,in_app,0
M00214,2025-12-04,push,0
M00214,2025-12-07,email,0
M00215,2026-07-21,push,0
M00215,2026-02-01,push,0
M00215,2025-11-13,push,0
M00215,2025-12-24,in_app,0
M00215,2026-06-04,email,0
M00215,2026-01-09,push,1
M00215,2026-01-30,push,0
M00215,2026-01-23,in_app,0
M00216,2025-08-17,push,0
M00216,2025-08-29,email,0
M00216,2026-01-17,push,0
M00216,2026-06-24,in_app,0
M00216,2025-08-21,push,0
M00216,2026-06-05,email,1
M00216,2025-07-30,push,1
M00216,2025-11-18,email,0
M00217,2025-08-06,push,0
M00217,2026-01-26,push,0
M00217,2026-04-22,in_app,1
M00217,2025-10-07,in_app,1
M00217,2026-05-26,in_app,0
M00217,2025-10-23,push,0
M00217,2026-07-21,email,0
M00217,2026-05-09,email,1
M00217,2026-04-16,email,0
M00217,2026-03-06,in_app,0
M00218,2025-08-25,email,1
M00218,2025-10-27,push,0
M00218,2026-01-21,push,1
M00218,2025-12-08,in_app,0
M00218,2025-11-29,push,0
M00218,2025-10-21,email,0
M00218,2026-04-28,email,0
M00218,2026-07-21,email,0
M00218,2026-01-26,email,1
M00219,2026-02-12,in_app,1
M00219,2026-07-14,in_app,0
M00219,2025-08-02,push,1
M00219,2026-04-02,push,0
M00219,2025-10-31,email,0
M00219,2025-12-06,in_app,0
M00219,2026-03-26,in_app,0
M00219,2025-11-01,in_app,1
M00219,2026-05-16,push,1
M00219,2026-01-18,push,0
M00219,2025-12-02,push,1
M00219,2026-01-19,push,0
M00219,2026-06-20,email,0
M00220,2025-09-18,in_app,0
M00220,2025-11-28,in_app,1
M00220,2026-01-21,in_app,1
M00220,2026-06-27,in_app,0
M00220,2026-07-08,in_app,0
M00221,2025-07-26,push,1
M00221,2026-02-06,push,0
M00221,2026-06-05,email,0
M00221,2025-09-11,in_app,1
M00221,2026-06-03,push,0
M00221,2026-05-22,email,1
M00221,2026-06-08,in_app,0
M00221,2026-05-02,in_app,0
M00221,2026-03-29,push,0
M00221,2025-10-14,in_app,0
M00221,2026-03-12,email,0
M00221,2025-10-31,email,1
M00222,2026-05-03,email,1
M00222,2025-08-30,in_app,0
M00222,2026-05-05,push,0
M00222,2025-11-29,push,0
M00222,2026-04-29,in_app,1
M00222,2025-10-23,in_app,1
M00222,2026-04-01,push,0
M00222,2026-03-08,in_app,1
M00222,2026-04-13,email,0
M00222,2025-11-29,email,1
M00222,2026-02-05,email,1
M00222,2026-01-15,push,1
M00222,2025-07-23,in_app,1
M00223,2026-03-20,email,0
M00223,2026-06-30,email,0
M00223,2025-11-06,email,1
M00223,2026-07-09,in_app,0
M00223,2025-10-19,push,0
M00223,2026-06-29,in_app,0
M00223,2025-12-09,in_app,0
M00223,2026-01-22,push,0
M00223,2026-05-17,push,1
M00224,2025-11-09,in_app,1
M00224,2025-09-28,push,0
M00224,2026-07-03,email,0
M00224,2026-02-24,push,1
M00224,2026-03-31,push,1
M00225,2025-11-12,push,0
M00225,2026-06-09,email,0
M00225,2026-06-11,email,1
M00225,2025-08-21,push,0
M00225,2026-06-13,email,0
M00225,2025-11-08,push,0
M00225,2026-04-12,push,1
M00225,2026-05-21,email,0
M00225,2026-05-20,in_app,1
M00225,2026-06-13,email,1
M00225,2025-12-18,email,0
M00225,2025-08-17,push,1
M00225,2026-01-08,in_app,1
M00226,2026-06-02,in_app,1
M00226,2026-02-22,email,0
M00226,2026-01-09,in_app,0
M00226,2025-07-24,push,1
M00226,2026-02-15,email,0
M00227,2026-03-17,email,0
M00227,2026-06-09,in_app,0
M00227,2026-06-12,email,1
M00228,2026-02-22,email,0
M00228,2026-04-20,push,1
M00228,2025-12-30,push,1
M00228,2026-05-12,in_app,0
M00228,2025-10-14,push,0
M00228,2026-01-23,in_app,0
M00228,2025-11-08,push,0
M00228,2026-06-07,push,0
M00228,2026-05-21,email,1
M00228,2026-05-12,email,0
M00228,2025-11-25,email,0
M00228,2026-04-24,in_app,0
M00229,2026-05-31,email,0
M00229,2025-11-17,email,0
M00229,2025-09-11,push,1
M00229,2025-11-06,in_app,1
M00229,2025-09-21,email,1
M00229,2026-02-26,in_app,1
M00229,2025-12-28,email,1
M00229,2026-02-17,in_app,0
M00229,2026-01-10,email,0
M00229,2026-04-21,email,1
M00229,2025-12-23,in_app,1
M00230,2025-08-07,push,0
M00230,2026-02-04,in_app,1
M00230,2026-03-11,in_app,1
M00230,2026-06-15,email,0
M00230,2025-12-06,in_app,0
M00230,2025-10-15,in_app,0
M00230,2025-12-23,push,0
M00230,2026-07-20,in_app,0
M00231,2026-06-12,push,0
M00231,2025-11-12,email,0
M00231,2026-05-31,in_app,1
M00231,2026-03-17,email,1
M00231,2026-03-07,in_app,1
M00231,2026-04-19,push,0
M00231,2025-08-21,push,0
M00231,2025-09-22,in_app,0
M00231,2026-06-26,in_app,1
M00231,2026-06-03,push,1
M00231,2025-10-28,email,1
M00232,2026-02-14,push,0
M00232,2025-10-28,push,0
M00232,2025-12-18,in_app,1
M00232,2025-11-01,push,0
M00232,2026-05-13,email,0
M00232,2025-09-06,push,0
M00232,2025-11-12,in_app,1
M00232,2026-07-22,email,0
M00232,2025-07-25,email,1
M00232,2026-02-16,push,0
M00232,2026-03-10,email,0
M00233,2025-11-10,email,0
M00233,2026-07-20,push,1
M00233,2026-06-09,push,0
M00233,2026-01-17,in_app,1
M00233,2026-03-17,in_app,0
M00233,2026-04-17,in_app,0
M00233,2025-08-14,push,0
M00233,2025-09-28,email,0
M00233,2025-12-24,email,1
M00234,2025-10-16,email,1
M00234,2026-01-18,in_app,1
M00234,2025-09-09,in_app,0
M00234,2026-02-04,email,0
M00234,2026-03-27,email,0
M00234,2025-09-26,in_app,0
M00234,2026-01-19,email,0
M00234,2025-12-11,push,0
M00235,2026-04-27,email,1
M00235,2025-12-28,email,0
M00235,2026-06-15,email,0
M00235,2025-12-25,in_app,1
M00235,2025-09-19,push,0
M00236,2025-08-01,email,1
M00236,2026-07-15,email,1
M00236,2025-10-28,push,1
M00236,2026-05-14,in_app,1
M00236,2025-09-01,in_app,0
M00236,2026-06-06,push,0
M00236,2025-09-04,in_app,1
M00236,2025-11-17,email,1
M00236,2025-09-23,email,1
M00236,2026-07-20,in_app,0
M00237,2026-05-10,in_app,1
M00237,2026-06-08,push,0
M00237,2026-06-13,email,0
M00237,2026-01-12,push,0
M00237,2025-08-07,push,0
M00237,2026-03-25,email,0
M00237,2026-04-16,in_app,1
M00237,2026-05-01,email,1
M00237,2026-03-15,in_app,0
M00237,2026-05-28,push,0
M00238,2025-10-13,in_app,1
M00238,2026-03-10,email,0
M00238,2025-10-02,in_app,1
M00238,2026-07-11,push,1
M00238,2025-10-20,push,1
M00238,2026-01-08,email,0
M00238,2026-02-19,push,1
M00238,2025-09-21,push,1
M00238,2025-12-11,push,0
M00238,2026-01-20,push,1
M00238,2026-02-24,push,1
M00238,2026-03-29,in_app,0
M00238,2026-03-18,push,1
M00239,2026-02-25,in_app,0
M00239,2025-10-19,in_app,0
M00239,2026-01-29,push,0
M00239,2026-02-03,in_app,0
M00239,2026-03-16,email,0
M00239,2025-08-01,email,0
M00239,2026-04-11,push,1
M00240,2026-01-15,in_app,1
M00240,2025-09-09,in_app,1
M00240,2025-11-07,in_app,1
M00240,2026-02-15,in_app,1
M00240,2026-02-24,email,0
M00240,2025-09-17,push,1
M00240,2025-11-28,in_app,1
M00240,2026-03-05,email,0
M00241,2025-10-06,in_app,1
M00241,2025-12-12,in_app,1
M00241,2026-02-16,push,1
M00241,2026-02-21,in_app,0
M00241,2026-06-26,email,0
M00241,2026-07-08,push,0
M00241,2026-01-22,push,0
M00242,2026-01-21,in_app,0
M00242,2026-03-23,push,0
M00242,2026-07-15,push,0
M00242,2025-08-21,email,0
M00242,2026-04-24,in_app,0
M00242,2025-09-18,email,0
M00242,2026-02-03,email,0
M00242,2026-02-08,email,0
M00242,2026-05-04,in_app,0
M00242,2025-12-01,push,0
M00242,2026-04-21,email,0
M00243,2026-05-24,in_app,0
M00243,2025-09-28,in_app,0
M00243,2026-03-24,email,0
M00243,2025-11-07,push,0
M00243,2025-12-19,email,0
M00243,2025-10-01,in_app,0
M00243,2026-01-13,email,0
M00243,2026-06-15,push,1
M00243,2025-09-15,push,1
M00243,2026-05-09,in_app,1
M00243,2026-03-14,in_app,0
M00243,2025-12-10,in_app,0
M00243,2026-03-23,email,1
M00244,2026-03-04,push,0
M00244,2025-11-21,email,0
M00244,2026-01-08,push,1
M00244,2026-07-07,email,1
M00244,2025-11-21,push,0
M00244,2025-12-04,email,1
M00244,2025-12-30,email,1
M00244,2026-07-06,in_app,0
M00244,2025-10-14,push,1
M00244,2026-02-02,email,0
M00244,2025-11-13,in_app,0
M00244,2026-05-01,email,1
M00244,2025-12-08,push,0
M00244,2026-02-17,in_app,1
M00244,2025-09-19,push,0
M00245,2026-01-01,in_app,1
M00245,2025-11-13,in_app,1
M00245,2025-11-10,in_app,0
M00245,2026-04-01,email,0
M00245,2026-04-19,in_app,0
M00245,2025-10-23,in_app,0
M00245,2026-05-21,in_app,0
M00245,2025-12-06,push,0
M00246,2026-01-07,email,0
M00246,2025-09-19,push,0
M00246,2026-05-06,in_app,1
M00246,2025-08-20,in_app,1
M00246,2026-07-19,in_app,1
M00246,2026-05-13,push,0
M00246,2026-06-02,push,0
M00246,2026-02-15,push,0
M00246,2026-05-21,in_app,0
M00246,2026-03-13,in_app,0
M00246,2026-04-30,in_app,0
M00246,2026-04-11,email,1
M00247,2026-01-14,email,1
M00247,2026-07-06,email,1
M00247,2026-02-22,push,1
M00247,2025-12-05,in_app,0
M00247,2025-12-04,in_app,0
M00247,2026-05-18,email,1
M00247,2025-07-25,push,1
M00247,2025-12-19,push,1
M00247,2025-08-06,push,1
M00247,2026-03-07,email,0
M00248,2026-06-08,push,0
M00248,2026-07-12,in_app,0
M00248,2025-09-29,push,1
M00248,2026-05-29,email,1
M00248,2026-07-11,in_app,1
M00249,2026-02-05,email,0
M00249,2026-03-28,push,1
M00249,2026-02-06,email,0
M00249,2026-06-04,in_app,1
M00249,2025-11-28,push,1
M00249,2026-06-03,push,0
M00249,2025-08-01,push,0
M00250,2026-07-16,email,0
M00250,2025-08-29,push,0
M00250,2025-09-07,in_app,0
M00250,2025-11-12,email,1
M00250,2026-04-15,in_app,0
M00250,2026-06-26,push,1
M00250,2026-04-12,email,0
M00250,2025-11-22,in_app,0
M00250,2026-05-10,email,0
M00250,2026-04-22,push,0
M00250,2026-05-27,email,0
M00251,2025-08-02,in_app,1
M00251,2026-02-27,in_app,1
M00251,2026-04-14,email,0
M00251,2025-07-29,email,0
M00251,2026-06-26,email,1
M00251,2025-11-21,push,0
M00251,2026-02-19,email,0
M00251,2025-07-28,in_app,0
M00252,2025-08-20,in_app,1
M00252,2025-09-21,push,1
M00252,2026-06-19,in_app,0
M00252,2025-12-26,push,1
M00252,2025-10-10,in_app,0
M00252,2026-07-14,email,1
M00252,2026-06-24,in_app,1
M00252,2026-07-01,email,0
M00252,2025-12-29,push,0
M00252,2025-12-24,in_app,0
M00252,2026-03-04,in_app,0
M00252,2025-11-01,in_app,0
M00253,2026-04-20,email,1
M00253,2026-05-23,push,0
M00253,2025-08-07,email,1
M00253,2025-10-22,in_app,0
M00253,2026-05-21,in_app,1
M00253,2026-02-05,push,0
M00253,2026-06-29,email,0
M00253,2025-11-05,in_app,0
M00253,2026-07-10,push,1
M00253,2025-09-22,email,0
M00254,2025-12-02,email,1
M00254,2025-10-22,push,0
M00254,2025-11-29,email,1
M00254,2025-10-25,email,0
M00254,2025-08-19,email,1
M00254,2025-10-08,in_app,0
M00255,2026-04-03,in_app,1
M00255,2025-11-27,in_app,1
M00255,2026-04-21,push,1
M00255,2026-02-06,push,1
M00255,2025-07-24,email,0
M00255,2025-10-30,in_app,1
M00256,2026-05-05,email,0
M00256,2025-11-06,email,0
M00256,2025-08-07,push,1
M00256,2025-09-05,email,1
M00256,2026-06-13,in_app,1
M00256,2026-05-14,email,0
M00256,2026-01-20,push,1
M00256,2026-01-29,email,0
M00256,2025-08-29,push,0
M00257,2026-04-17,push,0
M00257,2025-09-29,push,0
M00257,2026-03-08,email,0
M00257,2026-02-01,email,1
M00257,2025-10-14,email,0
M00257,2026-01-24,email,1
M00257,2026-07-18,in_app,1
M00257,2026-07-12,email,0
M00257,2025-07-25,email,1
M00257,2026-01-10,email,1
M00257,2026-01-29,in_app,0
M00257,2025-10-21,push,1
M00257,2025-08-06,email,0
M00257,2025-10-13,email,0
M00258,2025-09-22,in_app,1
M00258,2026-02-24,email,0
M00258,2025-10-22,email,0
M00258,2026-04-08,in_app,0
M00258,2025-09-02,in_app,1
M00259,2026-05-25,in_app,1
M00259,2026-05-09,in_app,1
M00259,2026-05-23,push,1
M00259,2025-12-28,in_app,0
M00259,2025-11-10,in_app,0
M00259,2025-12-09,in_app,1
M00259,2025-09-27,push,1
M00259,2026-07-02,in_app,1
M00259,2025-10-17,push,1
M00259,2026-01-09,email,0
M00260,2026-03-07,email,1
M00260,2026-03-12,email,0
M00260,2025-12-20,in_app,1
M00260,2026-06-20,email,0
M00260,2026-03-02,push,0
M00260,2025-10-25,push,0
M00261,2026-02-23,email,0
M00261,2026-03-30,email,0
M00261,2025-12-27,in_app,0
M00261,2026-03-06,email,0
M00262,2025-08-01,in_app,1
M00262,2025-11-01,email,1
M00262,2026-01-11,push,0
M00262,2025-12-13,email,1
M00262,2026-07-07,in_app,1
M00262,2026-04-08,in_app,1
M00262,2026-03-28,push,1
M00262,2026-04-19,push,1
M00263,2025-07-26,email,0
M00263,2025-08-28,push,0
M00263,2026-03-30,push,0
M00263,2025-11-12,in_app,0
M00263,2025-12-09,email,0
M00263,2025-10-02,email,0
M00263,2026-06-07,email,0
M00264,2026-07-19,push,1
M00264,2025-09-20,push,1
M00264,2025-09-23,email,0
M00264,2026-03-03,in_app,1
M00265,2026-05-16,in_app,0
M00265,2026-03-22,email,0
M00265,2025-11-28,push,0
M00265,2025-08-31,in_app,0
M00265,2026-01-16,push,1
M00265,2025-12-23,in_app,1
M00265,2026-06-14,in_app,0
M00265,2025-12-09,push,0
M00265,2025-10-23,email,0
M00265,2025-07-31,email,0
M00265,2025-08-15,push,0
M00266,2026-01-28,push,0
M00266,2026-07-09,in_app,1
M00266,2026-02-15,push,1
M00266,2026-05-24,in_app,1
M00266,2026-05-28,push,0
M00266,2025-12-30,in_app,1
M00266,2026-07-09,in_app,1
M00266,2026-02-15,in_app,0
M00266,2025-12-28,in_app,1
M00266,2026-03-22,in_app,0
M00266,2026-04-03,push,1
M00267,2026-02-19,email,1
M00267,2025-07-28,email,1
M00267,2025-10-04,in_app,1
M00267,2026-03-18,email,1
M00267,2026-07-02,push,0
M00267,2026-03-01,in_app,0
M00267,2025-10-20,push,1
M00267,2026-04-21,push,1
M00268,2026-03-13,push,0
M00268,2026-02-25,in_app,1
M00268,2026-04-06,in_app,1
M00268,2026-01-08,push,0
M00268,2026-05-21,push,0
M00268,2026-06-24,push,0
M00269,2026-04-09,push,1
M00269,2025-08-09,push,0
M00269,2025-11-09,email,0
M00269,2025-09-18,push,1
M00270,2025-12-19,push,1
M00270,2026-03-29,push,0
M00270,2026-01-10,push,0
M00270,2025-08-05,push,1
M00270,2025-11-06,email,1
M00270,2025-09-13,push,1
M00270,2025-08-28,push,1
M00270,2026-03-25,push,0
M00270,2026-05-20,in_app,1
M00270,2026-02-07,push,0
M00270,2025-12-29,in_app,1
M00270,2025-08-07,email,1
M00271,2025-11-05,push,1
M00271,2026-05-03,email,1
M00271,2025-09-28,email,1
M00271,2026-01-03,email,0
M00271,2025-12-15,email,1
M00271,2026-03-13,push,1
M00271,2026-05-26,in_app,1
M00271,2026-04-10,in_app,1
M00271,2026-05-20,email,1
M00271,2026-05-21,push,1
M00271,2025-10-02,push,0
M00272,2025-10-04,push,1
M00272,2026-02-23,in_app,1
M00272,2026-03-29,push,1
M00272,2026-07-05,push,1
M00272,2025-10-25,in_app,1
M00272,2026-04-12,push,0
M00272,2026-03-20,in_app,0
M00272,2026-05-28,in_app,0
M00272,2026-05-04,email,1
M00272,2025-10-26,push,1
M00272,2026-01-25,email,1
M00272,2026-05-12,in_app,1
M00272,2025-12-05,email,0
M00272,2026-07-15,email,1
M00272,2026-06-01,push,1
M00273,2026-02-22,email,0
M00273,2026-01-01,push,1
M00273,2026-01-27,email,0
M00273,2026-03-05,push,1
M00273,2026-01-29,push,0
M00273,2026-05-23,in_app,1
M00273,2026-01-26,email,1
M00273,2025-09-13,email,0
M00273,2025-12-23,email,0
M00273,2025-11-04,in_app,1
M00273,2025-09-20,email,0
M00273,2026-05-17,push,0
M00273,2026-02-24,push,1
M00274,2026-07-09,in_app,0
M00274,2026-03-01,in_app,0
M00274,2025-10-23,email,0
M00274,2026-05-08,in_app,1
M00274,2026-07-12,push,0
M00275,2026-05-16,in_app,0
M00275,2026-03-25,in_app,1
M00275,2025-09-29,push,1
M00275,2026-03-30,email,0
M00275,2026-02-06,email,0
M00275,2025-09-09,email,0
M00276,2026-07-14,push,0
M00276,2026-02-25,email,1
M00276,2025-10-22,email,1
M00276,2026-03-13,in_app,1
M00276,2025-08-10,email,1
M00276,2026-04-19,push,0
M00276,2026-03-11,push,1
M00276,2025-11-26,email,0
M00276,2026-06-05,email,1
M00276,2026-07-23,push,0
M00276,2026-05-25,in_app,0
M00277,2026-06-22,push,0
M00277,2026-05-24,push,1
M00277,2025-08-05,push,1
M00277,2026-07-07,in_app,1
M00277,2026-05-26,email,0
M00277,2026-01-27,in_app,0
M00277,2025-11-04,email,0
M00277,2025-10-26,email,1
M00277,2025-11-24,in_app,0
M00277,2025-09-19,push,0
M00278,2026-04-22,email,0
M00278,2025-12-10,email,0
M00278,2026-04-22,in_app,0
M00278,2026-07-07,email,0
M00278,2025-11-02,email,0
M00278,2026-04-13,in_app,0
M00278,2026-04-18,push,0
M00278,2026-01-05,email,0
M00279,2025-12-29,push,0
M00279,2026-07-01,email,1
M00279,2025-09-24,email,1
M00279,2025-11-28,email,1
M00279,2026-05-09,in_app,0
M00279,2025-10-01,email,0
M00279,2026-04-24,email,1
M00280,2026-02-12,email,1
M00280,2025-10-19,email,1
M00280,2025-10-23,in_app,1
M00280,2026-06-01,push,1
M00280,2025-10-19,push,1
M00280,2026-05-10,push,1
M00280,2025-10-02,push,0
M00280,2026-06-11,email,1
M00280,2025-08-11,email,1
M00280,2025-07-28,in_app,0
M00280,2025-11-01,in_app,1
M00280,2025-10-12,push,0
M00280,2026-05-06,in_app,1
M00280,2026-07-21,in_app,1
M00281,2026-02-20,email,1
M00281,2026-05-05,email,1
M00281,2026-01-06,email,0
M00281,2025-10-03,in_app,1
M00281,2025-10-13,push,1
M00282,2025-12-14,in_app,0
M00282,2025-12-16,email,1
M00282,2025-11-10,in_app,0
M00282,2026-05-07,push,0
M00283,2026-04-10,email,0
M00283,2025-09-24,push,1
M00283,2025-12-08,email,0
M00283,2026-02-05,in_app,1
M00283,2026-04-10,email,0
M00283,2025-11-09,push,1
M00283,2026-03-01,email,1
M00283,2026-03-04,email,1
M00284,2025-08-29,in_app,0
M00284,2026-05-30,email,1
M00284,2026-03-11,email,0
M00284,2026-02-16,email,0
M00284,2026-01-12,push,1
M00284,2025-09-14,push,0
M00284,2026-03-04,email,0
M00284,2025-09-12,in_app,1
M00284,2025-10-09,in_app,0
M00285,2025-12-16,push,1
M00285,2026-05-28,email,1
M00285,2026-04-06,email,0
M00285,2026-04-20,in_app,1
M00285,2026-01-25,push,1
M00285,2025-12-29,in_app,0
M00286,2026-02-19,email,1
M00286,2025-12-20,push,0
M00286,2025-09-28,push,0
M00286,2026-04-13,push,0
M00286,2025-12-22,push,0
M00286,2026-01-31,push,0
M00286,2025-12-15,in_app,1
M00286,2025-10-20,email,1
M00286,2025-12-02,email,0
M00286,2026-06-16,in_app,1
M00286,2026-01-16,email,1
M00286,2026-06-23,in_app,0
M00286,2025-08-14,email,0
M00287,2026-03-06,email,1
M00287,2025-10-22,in_app,0
M00287,2026-06-18,in_app,0
M00287,2026-01-02,in_app,1
M00287,2026-03-16,email,0
M00287,2026-05-08,in_app,0
M00287,2026-01-10,email,1
M00287,2025-11-11,in_app,0
M00288,2025-09-30,push,0
M00288,2025-08-31,email,0
M00288,2026-06-09,in_app,0
M00288,2025-10-03,push,0
M00288,2025-08-07,email,1
M00288,2025-08-31,push,1
M00288,2025-08-21,email,0
M00288,2026-04-13,in_app,1
M00289,2026-05-18,in_app,1
M00289,2025-12-27,email,1
M00289,2025-08-21,in_app,0
M00289,2025-11-21,push,1
M00289,2026-05-22,push,0
M00289,2025-10-14,email,1
M00289,2025-08-25,email,1
M00289,2026-07-06,push,0
M00289,2026-01-17,email,1
M00289,2025-09-03,push,0
M00289,2025-10-12,push,1
M00289,2025-09-09,in_app,1
M00289,2026-04-27,email,1
M00289,2025-10-25,push,0
M00289,2025-08-14,push,1
M00290,2026-05-24,push,0
M00290,2026-04-29,in_app,1
M00290,2026-01-23,in_app,1
M00290,2026-04-14,email,1
M00290,2025-09-19,in_app,0
M00290,2025-09-03,email,0
M00290,2026-06-05,email,1
M00290,2025-09-02,in_app,0
M00290,2026-05-15,push,1
M00290,2025-11-25,in_app,1
M00290,2026-07-10,push,0
M00291,2025-07-27,push,0
M00291,2025-08-08,push,0
M00291,2025-08-09,email,1
M00291,2025-09-15,in_app,1
M00291,2026-06-03,email,0
M00291,2025-10-07,in_app,1
M00292,2026-04-05,push,0
M00292,2025-08-25,in_app,0
M00292,2026-03-06,push,1
M00292,2025-09-14,in_app,0
M00292,2026-02-28,push,0
M00292,2026-01-05,email,0
M00292,2026-05-25,in_app,0
M00292,2026-03-22,email,0
M00293,2026-02-02,push,1
M00293,2026-01-20,in_app,0
M00293,2026-04-27,email,0
M00293,2026-05-27,in_app,1
M00293,2025-08-29,push,0
M00293,2025-10-04,in_app,0
M00293,2026-03-06,push,0
M00293,2026-04-06,push,0
M00293,2026-04-01,push,1
M00293,2026-04-04,in_app,0
M00293,2025-11-08,in_app,0
M00293,2025-09-08,in_app,1
M00293,2025-08-05,push,0
M00294,2026-07-19,email,0
M00294,2026-03-10,push,0
M00294,2026-01-15,in_app,0
M00294,2026-01-11,in_app,1
M00294,2026-06-24,email,1
M00294,2026-07-03,push,1
M00295,2025-11-09,email,0
M00295,2026-05-03,in_app,0
M00295,2025-12-01,in_app,1
M00295,2026-03-04,email,0
M00295,2026-01-11,push,1
M00295,2025-12-11,email,1
M00295,2026-07-09,push,0
M00296,2025-12-20,in_app,0
M00296,2026-04-17,push,0
M00296,2026-04-27,push,1
M00296,2025-11-16,push,0
M00296,2026-05-21,push,0
M00296,2025-10-26,in_app,0
M00296,2025-11-30,email,0
M00296,2026-05-02,push,1
M00296,2026-05-11,email,0
M00296,2025-12-13,email,1
M00297,2026-06-13,push,1
M00297,2025-12-17,push,0
M00297,2025-10-05,email,1
M00297,2026-05-28,in_app,1
M00297,2026-05-24,in_app,1
M00297,2026-03-02,email,0
M00297,2026-02-26,in_app,0
M00297,2025-09-13,in_app,0
M00297,2025-12-16,email,0
M00297,2026-07-16,email,1
M00298,2025-12-17,email,0
M00298,2026-06-10,email,0
M00298,2026-02-25,push,1
M00298,2025-11-01,in_app,1
M00298,2026-05-22,push,1
M00298,2026-04-29,push,0
M00298,2025-11-29,email,0
M00298,2026-01-10,push,1
M00298,2026-06-13,in_app,0
M00299,2026-01-24,email,0
M00299,2025-08-16,push,0
M00299,2026-04-10,email,1
M00299,2025-08-31,email,1
M00299,2025-11-08,email,0
M00299,2025-08-07,push,0
M00299,2026-04-16,email,0
M00299,2025-09-11,in_app,1
M00299,2026-01-19,in_app,0
M00299,2025-11-23,email,0
M00299,2026-06-17,email,0
M00300,2026-05-19,email,1
M00300,2026-04-01,push,1
M00300,2026-02-10,push,1
M00300,2025-12-20,email,1
M00300,2025-09-18,email,1
M00300,2026-01-26,push,0
M00300,2026-01-06,push,1
M00300,2026-02-12,in_app,1
M00301,2026-06-11,email,1
M00301,2026-01-28,email,0
M00301,2026-03-25,in_app,0
M00301,2026-02-02,push,0
M00301,2026-05-19,email,1
M00301,2026-04-30,in_app,0
M00301,2025-07-31,push,0
M00302,2025-10-20,push,1
M00302,2025-12-20,email,1
M00302,2026-07-12,push,0
M00302,2025-12-05,push,0
M00302,2026-01-19,push,1
M00302,2026-03-30,in_app,1
M00302,2025-09-24,email,1
M00303,2026-04-30,email,0
M00303,2025-11-08,in_app,1
M00303,2026-03-19,in_app,0
M00303,2025-08-03,in_app,1
M00303,2026-05-08,push,0
M00303,2025-11-11,in_app,0
M00303,2026-06-13,push,1
M00303,2026-03-07,push,1
M00303,2026-01-08,in_app,1
M00303,2026-07-07,push,1
M00303,2026-02-07,email,0
M00304,2025-09-10,push,1
M00304,2025-08-30,in_app,1
M00304,2026-03-01,email,1
M00304,2025-08-19,in_app,1
M00304,2026-02-13,in_app,1
M00304,2025-09-10,push,0
M00304,2026-01-24,email,1
M00304,2026-01-29,email,1
M00304,2026-01-23,push,0
M00304,2026-01-10,email,0
M00304,2026-03-03,push,1
M00304,2025-08-08,push,1
M00304,2026-05-15,email,0
M00304,2025-09-18,push,1
M00305,2025-10-19,in_app,1
M00305,2025-09-20,email,1
M00305,2026-07-16,in_app,0
M00305,2026-07-18,email,0
M00305,2025-12-26,in_app,1
M00306,2025-11-26,email,1
M00306,2026-01-31,email,0
M00306,2025-11-05,email,0
M00306,2026-03-29,push,1
M00306,2025-12-17,push,0
M00306,2026-01-20,push,1
M00307,2025-12-22,email,0
M00307,2025-09-16,push,1
M00307,2026-05-02,email,0
M00307,2026-04-18,in_app,0
M00307,2026-03-31,in_app,0
M00307,2026-01-25,push,1
M00307,2025-11-25,email,0
M00307,2025-07-28,in_app,0
M00307,2026-01-08,push,1
M00307,2026-07-10,email,1
M00307,2026-04-30,email,0
M00308,2025-12-02,email,1
M00308,2026-01-04,email,0
M00308,2025-12-26,email,0
M00308,2026-05-15,in_app,1
M00308,2026-04-19,in_app,1
M00308,2026-06-24,push,1
M00308,2026-02-13,push,0
M00308,2025-12-19,in_app,0
M00308,2026-02-28,push,0
M00308,2025-11-29,in_app,0
M00308,2026-01-15,push,0
M00308,2025-10-16,push,1
M00308,2026-03-07,in_app,1
M00309,2026-06-27,push,0
M00309,2025-11-06,email,0
M00309,2025-09-29,push,0
M00309,2026-03-28,in_app,1
M00309,2025-09-21,push,0
M00309,2025-07-28,email,0
M00309,2025-08-03,email,0
M00309,2025-11-23,push,0
M00309,2026-05-20,email,1
M00309,2026-05-04,in_app,0
M00309,2026-04-19,in_app,0
M00309,2026-03-29,in_app,1
M00309,2026-04-25,email,0
M00310,2025-10-14,email,0
M00310,2026-05-15,push,0
M00310,2025-10-19,push,0
M00310,2025-09-23,email,1
M00310,2026-01-31,email,1
M00310,2025-10-15,in_app,0
M00310,2026-01-16,in_app,1
M00310,2025-11-18,push,0
M00311,2026-01-17,in_app,0
M00311,2025-10-30,in_app,0
M00311,2026-05-13,in_app,0
M00311,2026-02-23,email,0
M00311,2025-11-20,in_app,0
M00311,2025-08-29,in_app,0
M00311,2026-06-19,in_app,1
M00311,2025-09-10,email,1
M00311,2026-03-29,email,1
M00311,2026-04-22,email,1
M00311,2026-02-26,push,0
M00311,2026-01-04,in_app,0
M00311,2025-11-06,push,0
M00312,2026-01-23,push,1
M00312,2026-07-05,email,0
M00312,2025-07-25,in_app,0
M00312,2025-12-03,email,0
M00312,2026-02-11,email,0
M00312,2026-07-17,push,0
M00312,2025-08-23,in_app,1
M00312,2026-01-17,in_app,1
M00312,2026-06-18,email,0
M00312,2026-01-07,in_app,0
M00312,2026-02-16,push,1
M00312,2026-06-20,email,0
M00313,2026-06-17,push,1
M00313,2025-07-23,push,0
M00313,2025-10-01,push,0
M00314,2026-01-15,in_app,1
M00314,2026-01-16,email,1
M00314,2025-09-07,in_app,1
M00314,2026-06-13,push,1
M00314,2026-01-01,push,1
M00315,2026-03-10,push,1
M00315,2026-06-03,in_app,1
M00315,2026-06-10,email,0
M00315,2026-05-14,email,1
M00315,2026-02-14,push,1
M00315,2026-06-30,in_app,1
M00315,2025-09-13,email,1
M00315,2025-09-07,email,0
M00315,2026-03-12,in_app,1
M00316,2026-01-18,email,0
M00316,2026-06-12,email,1
M00316,2025-09-03,push,1
M00316,2025-08-20,email,1
M00316,2025-10-01,push,0
M00316,2026-03-18,email,1
M00316,2026-04-29,in_app,1
M00316,2026-01-18,push,0
M00316,2026-05-06,email,1
M00316,2025-08-30,email,0
M00316,2026-02-27,in_app,0
M00316,2026-05-20,push,1
M00317,2026-01-13,push,1
M00317,2026-05-04,email,1
M00317,2025-10-10,in_app,1
M00317,2026-05-31,in_app,1
M00317,2025-10-13,in_app,1
M00317,2025-12-10,push,1
M00317,2025-09-19,in_app,0
M00317,2026-06-30,in_app,1
M00318,2026-05-16,email,0
M00318,2025-10-20,email,1
M00318,2025-12-25,in_app,0
M00318,2026-05-06,push,0
M00318,2026-03-23,push,0
M00318,2026-04-26,email,1
M00318,2025-12-28,push,1
M00318,2025-09-08,in_app,1
M00319,2026-01-20,email,0
M00319,2025-09-23,push,1
M00319,2025-11-05,in_app,0
M00319,2025-12-29,email,0
M00319,2026-03-28,in_app,1
M00319,2026-06-06,in_app,1
M00319,2025-11-02,push,0
M00319,2026-03-30,push,0
M00319,2026-02-18,in_app,0
M00319,2025-07-23,push,0
M00319,2026-03-31,in_app,0
M00319,2025-10-29,push,0
M00319,2026-06-18,in_app,1
M00320,2026-04-23,in_app,0
M00320,2025-09-28,in_app,0
M00320,2026-03-20,push,0
M00320,2026-03-08,push,0
M00320,2025-11-01,push,0
M00321,2026-02-20,email,0
M00321,2026-03-14,in_app,0
M00321,2025-09-14,in_app,0
M00321,2026-03-30,in_app,0
M00321,2026-04-27,push,0
M00321,2026-01-05,email,0
M00321,2026-05-23,in_app,0
M00321,2026-03-12,in_app,0
M00321,2026-06-01,email,0
M00321,2025-10-29,email,0
M00321,2026-03-05,push,1
M00322,2026-03-10,push,0
M00322,2026-04-04,push,0
M00322,2025-12-23,push,0
M00322,2026-07-22,in_app,1
M00322,2026-07-13,in_app,1
M00322,2026-04-28,email,1
M00322,2026-07-04,push,1
M00322,2026-02-05,email,1
M00322,2025-11-09,email,1
M00322,2025-08-21,email,1
M00322,2025-12-20,in_app,0
M00322,2026-04-29,email,0
M00323,2025-08-08,email,1
M00323,2025-12-21,push,1
M00323,2026-07-11,email,1
M00323,2026-01-23,push,1
M00323,2025-08-06,push,0
M00323,2026-03-03,push,1
M00323,2025-10-12,in_app,1
M00323,2025-09-03,push,0
M00323,2025-10-08,push,1
M00323,2025-09-19,push,1
M00323,2025-11-30,push,1
M00323,2026-02-18,push,1
M00324,2026-03-24,in_app,1
M00324,2026-03-21,in_app,1
M00324,2025-09-08,in_app,1
M00324,2026-06-20,push,0
M00324,2026-06-27,push,1
M00324,2026-04-17,push,1
M00324,2026-01-19,in_app,0
M00324,2025-12-31,push,1
M00324,2026-04-22,in_app,1
M00324,2026-02-10,in_app,0
M00324,2025-09-28,in_app,1
M00324,2026-07-21,in_app,1
M00325,2026-02-03,email,0
M00325,2025-08-06,email,0
M00325,2025-10-22,email,0
M00325,2026-05-11,push,0
M00325,2025-10-05,email,1
M00326,2025-08-01,email,1
M00326,2026-05-03,push,0
M00326,2026-04-04,push,1
M00326,2026-03-18,email,1
M00326,2026-06-08,push,1
M00326,2025-07-23,email,1
M00326,2025-12-09,in_app,0
M00327,2025-11-30,email,1
M00327,2025-11-10,email,0
M00327,2025-10-27,push,0
M00327,2026-06-05,email,1
M00328,2026-04-17,in_app,1
M00328,2026-03-18,push,0
M00328,2025-08-14,push,0
M00328,2025-12-28,push,0
M00328,2026-01-06,in_app,0
M00328,2026-07-03,push,0
M00328,2026-01-12,push,0
M00328,2026-06-23,in_app,0
M00328,2026-05-21,in_app,0
M00328,2026-02-14,in_app,0
M00328,2026-02-27,email,0
M00329,2026-03-09,in_app,0
M00329,2026-05-11,in_app,0
M00329,2025-08-23,email,0
M00329,2025-09-05,email,1
M00329,2026-01-04,push,1
M00329,2025-10-10,push,1
M00329,2026-05-12,push,1
M00329,2026-01-03,email,0
M00329,2025-12-18,email,1
M00329,2026-03-17,push,1
M00330,2025-09-28,push,1
M00330,2026-07-18,push,0
M00330,2026-04-30,in_app,0
M00330,2025-11-15,in_app,0
M00330,2025-09-29,push,0
M00330,2026-07-05,in_app,0
M00330,2026-06-30,email,0
M00330,2026-05-09,in_app,0
M00330,2025-12-02,push,0
M00330,2025-12-01,push,0
M00330,2026-03-14,email,0
M00330,2026-01-15,in_app,0
M00330,2026-04-24,email,0
M00330,2026-01-07,email,1
M00331,2026-07-09,push,0
M00331,2026-07-20,push,1
M00331,2026-06-09,push,0
M00331,2026-04-10,push,1
M00331,2025-10-18,email,1
M00331,2026-03-03,push,0
M00331,2026-02-18,in_app,0
M00331,2025-10-12,in_app,0
M00331,2025-12-06,email,1
M00331,2026-03-09,push,0
M00332,2025-12-13,push,0
M00332,2025-08-29,push,0
M00332,2025-09-07,in_app,1
M00332,2025-10-17,push,0
M00332,2026-01-20,in_app,1
M00332,2025-11-02,email,0
M00332,2026-04-28,push,1
M00332,2026-06-30,email,0
M00332,2025-10-15,in_app,1
M00332,2026-04-24,in_app,0
M00332,2025-11-23,in_app,1
M00332,2026-07-14,in_app,0
M00332,2026-01-27,in_app,0
M00332,2025-12-27,email,1
M00332,2025-10-15,in_app,0
M00332,2026-07-10,in_app,1
M00333,2026-07-16,in_app,1
M00333,2026-04-22,push,0
M00333,2026-05-28,in_app,0
M00333,2026-04-06,email,1
M00333,2026-06-23,push,0
M00333,2026-05-02,push,0
M00333,2026-02-28,in_app,0
M00333,2026-07-09,in_app,1
M00333,2026-07-08,email,0
M00333,2026-04-22,push,1
M00333,2026-07-16,push,0
M00333,2026-03-11,push,0
M00333,2025-08-24,push,0
M00334,2025-10-03,push,0
M00334,2025-11-03,in_app,1
M00334,2026-06-26,push,0
M00334,2026-07-22,push,1
M00334,2025-11-21,email,1
M00334,2026-03-23,email,1
M00334,2026-03-21,push,0
M00335,2025-10-06,push,0
M00335,2025-09-27,push,0
M00335,2026-06-04,push,0
M00335,2025-10-02,email,0
M00335,2026-03-16,email,1
M00335,2026-05-18,in_app,0
M00335,2026-01-31,email,1
M00335,2025-10-23,push,0
M00335,2026-06-21,email,0
M00335,2026-02-27,in_app,0
M00335,2026-03-16,email,0
M00335,2025-10-15,in_app,0
M00336,2026-06-11,push,1
M00336,2026-06-01,in_app,1
M00336,2026-03-31,in_app,1
M00336,2025-12-21,in_app,0
M00336,2025-10-07,push,1
M00336,2025-12-26,email,1
M00336,2026-07-09,in_app,0
M00337,2025-12-25,push,0
M00337,2025-12-15,push,1
M00337,2026-01-31,email,1
M00337,2026-01-03,push,1
M00337,2025-10-04,in_app,0
M00337,2025-09-06,email,1
M00337,2026-07-19,in_app,0
M00337,2026-07-13,in_app,1
M00337,2026-06-30,email,1
M00337,2025-08-24,email,1
M00337,2026-02-12,in_app,0
M00337,2026-02-23,in_app,1
M00337,2026-06-05,push,0
M00338,2025-11-28,in_app,0
M00338,2025-07-27,in_app,1
M00338,2025-12-03,email,0
M00338,2026-06-15,in_app,0
M00338,2025-08-02,email,1
M00338,2026-05-11,email,0
M00338,2025-12-12,push,1
M00338,2026-02-17,email,1
M00339,2026-05-05,email,0
M00339,2025-11-11,in_app,0
M00339,2025-08-19,push,0
M00339,2025-08-18,email,1
M00339,2025-12-10,in_app,0
M00339,2025-11-08,email,0
M00340,2025-10-16,push,1
M00340,2026-06-30,in_app,1
M00340,2025-11-08,push,0
M00340,2025-11-01,in_app,0
M00340,2026-05-18,push,1
M00341,2026-01-02,in_app,0
M00341,2025-11-20,push,1
M00341,2025-11-21,push,1
M00341,2026-01-02,push,0
M00341,2026-01-06,email,0
M00341,2026-05-05,push,1
M00341,2026-04-24,in_app,0
M00342,2026-06-08,push,1
M00342,2026-02-01,in_app,1
M00342,2025-12-03,push,0
M00342,2025-11-20,push,1
M00342,2025-11-12,in_app,0
M00342,2026-02-06,push,1
M00342,2025-08-01,in_app,1
M00342,2026-07-11,email,1
M00343,2026-04-02,email,0
M00343,2026-01-14,in_app,0
M00343,2026-05-03,push,0
M00343,2025-11-06,in_app,0
M00343,2025-12-29,push,0
M00343,2025-11-14,in_app,1
M00343,2025-10-07,email,0
M00343,2025-09-18,push,0
M00343,2026-06-12,email,0
M00343,2025-08-22,in_app,0
M00344,2026-01-18,push,1
M00344,2026-05-21,push,0
M00344,2026-02-22,email,0
M00344,2025-08-24,in_app,0
M00344,2025-10-20,push,1
M00344,2026-01-30,in_app,0
M00345,2025-09-19,email,0
M00345,2025-12-28,in_app,1
M00345,2025-11-05,email,0
M00345,2026-06-03,email,1
M00346,2025-11-10,push,1
M00346,2025-08-30,email,1
M00346,2026-04-01,in_app,0
M00346,2025-08-20,email,0
M00346,2026-01-01,in_app,0
M00346,2025-09-13,email,1
M00346,2026-05-28,in_app,0
M00346,2026-04-12,in_app,1
M00346,2025-11-25,email,1
M00346,2025-10-19,push,0
M00346,2025-10-05,in_app,0
M00346,2025-08-18,email,0
M00346,2026-03-27,email,1
M00346,2026-06-17,email,1
M00346,2025-12-22,email,0
M00346,2025-08-16,email,1
M00346,2025-12-15,in_app,1
M00346,2025-09-14,in_app,1
M00347,2025-11-24,push,0
M00347,2025-11-01,email,0
M00347,2025-09-19,push,0
M00347,2025-12-01,email,1
M00347,2025-07-26,push,1
M00347,2026-05-22,in_app,1
M00347,2026-03-01,in_app,0
M00348,2025-11-22,email,0
M00348,2025-10-08,push,0
M00348,2026-01-14,email,0
M00348,2025-10-08,push,0
M00348,2026-04-25,in_app,0
M00348,2026-01-29,in_app,0
M00348,2025-09-16,push,0
M00349,2026-06-16,email,0
M00349,2026-04-13,in_app,0
M00349,2026-05-17,in_app,0
M00349,2025-11-25,in_app,0
M00349,2026-05-21,email,0
M00349,2026-05-18,in_app,1
M00349,2025-10-19,in_app,0
M00349,2025-10-01,email,1
M00349,2026-06-24,push,0
M00350,2026-05-04,push,0
M00350,2026-05-10,email,1
M00350,2025-09-24,email,1
M00350,2025-09-01,push,0
M00350,2026-06-25,email,0
M00350,2026-01-08,email,0
M00350,2026-04-06,in_app,0
M00350,2026-05-13,email,1
M00350,2026-05-22,push,0
M00350,2026-03-08,in_app,0
M00351,2025-08-02,email,0
M00351,2025-11-12,in_app,0
M00351,2025-08-06,in_app,0
M00351,2025-11-16,email,0
M00351,2026-07-20,in_app,0
M00351,2026-06-14,push,0
M00351,2026-01-13,in_app,0
M00351,2026-07-03,push,0
M00351,2026-05-01,email,1
M00351,2025-09-30,push,0
M00351,2025-11-14,in_app,0
M00352,2026-01-16,email,1
M00352,2025-08-13,email,0
M00352,2026-06-22,in_app,0
M00352,2025-08-28,email,1
M00352,2026-07-02,in_app,0
M00353,2026-03-04,email,0
M00353,2026-07-08,email,0
M00353,2026-01-02,in_app,0
M00353,2026-07-13,in_app,0
M00353,2026-02-14,push,0
M00353,2025-08-07,push,1
M00353,2026-04-11,email,0
M00353,2025-10-03,in_app,1
M00354,2026-02-01,in_app,0
M00354,2026-06-10,in_app,1
M00354,2026-04-17,push,1
M00354,2026-07-13,push,0
M00354,2026-03-06,push,0
M00354,2026-01-11,in_app,1
M00354,2025-10-28,in_app,0
M00354,2025-09-01,in_app,0
M00355,2026-03-17,in_app,0
M00355,2026-07-03,email,0
M00355,2026-06-06,push,1
M00355,2026-05-12,email,0
M00355,2026-06-13,email,1
M00355,2025-07-27,email,1
M00355,2026-05-14,in_app,0
M00355,2025-08-23,email,0
M00355,2026-04-21,in_app,0
M00355,2025-11-12,in_app,0
M00355,2025-10-09,in_app,0
M00355,2026-05-19,in_app,0
M00356,2026-04-03,push,1
M00356,2026-06-02,in_app,0
M00356,2025-08-04,email,0
M00356,2026-04-01,in_app,1
M00356,2025-11-26,push,0
M00356,2025-10-07,push,1
M00356,2025-11-06,in_app,0
M00356,2026-03-21,email,1
M00356,2025-11-04,email,0
M00356,2026-04-05,push,0
M00356,2026-06-24,in_app,0
M00356,2026-04-15,in_app,0
M00357,2026-05-24,in_app,0
M00357,2026-05-17,push,0
M00357,2025-08-08,email,0
M00357,2025-11-27,push,0
M00357,2026-05-18,in_app,0
M00357,2026-01-25,in_app,1
M00357,2025-11-01,push,1
M00357,2025-09-23,in_app,0
M00357,2025-11-27,in_app,0
M00357,2025-09-14,push,0
M00357,2026-02-04,in_app,0
M00358,2025-10-11,push,0
M00358,2025-09-01,in_app,0
M00358,2026-06-18,in_app,0
M00358,2026-06-07,email,0
M00358,2025-10-27,email,0
M00358,2026-01-21,email,1
M00358,2026-03-04,in_app,0
M00358,2025-11-16,push,0
M00359,2026-06-06,push,1
M00359,2026-06-01,email,0
M00359,2026-04-05,in_app,0
M00359,2025-08-29,push,1
M00359,2025-10-24,email,0
M00359,2025-11-19,in_app,0
M00359,2026-06-04,in_app,0
M00359,2026-05-30,in_app,0
M00359,2026-05-25,email,0
M00360,2025-10-11,email,1
M00360,2026-03-22,in_app,1
M00360,2026-02-07,push,1
M00360,2025-11-18,in_app,1
M00360,2025-12-14,in_app,0
M00360,2026-04-27,in_app,1
M00360,2026-04-07,email,0
M00360,2025-11-19,in_app,1
M00361,2026-01-18,in_app,0
M00361,2026-02-19,push,0
M00361,2025-10-03,in_app,0
M00361,2025-12-20,in_app,0
M00361,2025-10-29,push,0
M00361,2025-09-13,email,1
M00361,2025-09-18,email,0
M00361,2025-11-02,in_app,1
M00361,2026-03-16,in_app,1
M00361,2025-09-11,push,1
M00362,2025-12-02,push,0
M00362,2025-12-01,push,1
M00362,2025-11-19,push,0
M00362,2025-10-30,in_app,1
M00362,2025-11-11,in_app,0
M00362,2026-05-18,in_app,0
M00362,2026-07-17,email,0
M00362,2025-10-24,push,0
M00363,2025-10-02,push,1
M00363,2026-02-17,in_app,0
M00363,2026-07-10,email,0
M00363,2026-04-21,email,0
M00363,2025-10-27,push,0
M00363,2025-08-14,email,0
M00363,2025-09-19,in_app,0
M00363,2026-02-25,push,0
M00363,2025-08-23,email,1
M00364,2026-02-24,push,0
M00364,2025-10-11,email,0
M00364,2025-10-29,in_app,0
M00364,2026-05-31,in_app,1
M00364,2025-08-12,in_app,1
M00364,2026-07-22,push,0
M00364,2026-06-30,email,0
M00364,2025-10-31,in_app,0
M00364,2026-07-07,in_app,1
M00364,2026-02-09,email,1
M00364,2025-12-02,in_app,0
M00364,2025-10-16,push,1
M00365,2026-01-10,in_app,0
M00365,2026-07-22,in_app,1
M00365,2026-06-10,push,1
M00365,2026-03-02,push,0
M00365,2026-02-09,push,1
M00365,2025-11-04,in_app,0
M00365,2026-05-03,email,0
M00366,2026-05-23,push,0
M00366,2026-06-14,email,1
M00366,2026-02-27,email,0
M00366,2025-11-02,in_app,0
M00366,2025-12-10,email,0
M00366,2025-09-22,push,0
M00366,2025-08-25,in_app,0
M00366,2026-06-20,email,1
M00366,2025-12-25,push,0
M00366,2025-11-10,email,0
M00367,2025-12-03,in_app,0
M00367,2025-12-12,in_app,1
M00367,2026-05-06,email,1
M00367,2025-10-11,email,1
M00367,2025-12-31,in_app,0
M00367,2025-08-10,email,1
M00367,2025-11-11,email,0
M00367,2026-06-23,push,1
M00367,2025-08-31,email,0
M00368,2026-07-17,push,0
M00368,2026-04-18,email,0
M00368,2025-09-27,push,0
M00368,2026-02-03,push,0
M00368,2025-12-26,in_app,1
M00368,2025-12-30,email,0
M00369,2025-08-14,push,1
M00369,2026-04-20,email,1
M00369,2026-01-12,email,1
M00369,2026-03-28,in_app,0
M00369,2025-08-15,email,0
M00369,2026-03-17,in_app,1
M00369,2026-06-14,email,0
M00369,2026-07-07,push,1
M00369,2026-01-16,push,1
M00369,2026-02-06,email,0
M00370,2026-03-10,in_app,1
M00370,2026-05-21,email,1
M00370,2026-06-05,email,0
M00370,2025-11-30,in_app,1
M00370,2026-05-17,in_app,1
M00371,2026-07-20,push,1
M00371,2025-09-25,push,1
M00371,2025-10-15,push,1
M00371,2026-01-20,in_app,1
M00371,2025-08-24,push,0
M00371,2025-08-06,push,0
M00371,2025-10-05,in_app,1
M00371,2025-10-22,in_app,0
M00371,2026-03-27,in_app,1
M00371,2026-01-21,push,0
M00372,2025-11-07,in_app,0
M00372,2026-02-20,email,0
M00372,2026-03-15,in_app,0
M00372,2026-02-22,email,0
M00372,2025-08-19,in_app,0
M00373,2025-12-15,email,0
M00373,2026-04-21,email,0
M00373,2025-11-17,push,0
M00373,2026-02-18,in_app,0
M00373,2025-12-08,push,0
M00374,2026-03-15,email,1
M00374,2025-09-16,email,1
M00374,2026-02-03,push,1
M00374,2026-06-30,push,1
M00374,2025-09-07,push,0
M00374,2025-10-20,push,0
M00374,2025-08-03,email,1
M00374,2025-12-01,push,1
M00374,2025-11-12,email,0
M00374,2026-03-20,email,0
M00374,2025-10-28,push,0
M00375,2025-09-27,push,0
M00375,2026-02-27,in_app,0
M00375,2026-04-14,in_app,0
M00375,2026-03-17,push,0
M00375,2026-06-26,in_app,0
M00375,2026-01-18,push,0
M00375,2025-12-31,in_app,0
M00375,2026-05-07,in_app,1
M00375,2025-10-04,email,0
M00375,2025-10-29,push,1
M00375,2026-01-08,email,0
M00376,2026-07-01,email,1
M00376,2025-11-27,in_app,1
M00376,2025-10-28,email,1
M00376,2026-04-26,in_app,0
M00376,2026-01-25,email,0
M00376,2025-12-22,email,1
M00377,2026-02-11,push,0
M00377,2026-06-24,push,0
M00377,2025-09-30,email,0
M00377,2025-08-29,email,0
M00377,2026-07-19,email,1
M00377,2026-06-22,in_app,0
M00377,2026-03-01,push,1
M00377,2025-08-07,email,0
M00377,2026-06-18,email,0
M00377,2026-02-03,in_app,0
M00377,2026-04-25,push,0
M00378,2025-08-28,push,0
M00378,2025-08-28,push,0
M00378,2025-12-27,in_app,0
M00378,2026-07-06,email,1
M00378,2026-04-05,email,1
M00378,2026-05-04,push,0
M00378,2026-03-27,push,0
M00378,2026-03-28,push,1
M00378,2025-12-27,push,0
M00378,2026-06-17,in_app,1
M00378,2026-07-11,email,0
M00378,2026-01-09,email,0
M00379,2026-03-28,push,0
M00379,2025-12-26,push,0
M00379,2025-10-07,push,0
M00380,2026-02-18,in_app,0
M00380,2025-11-16,email,0
M00380,2025-11-08,push,1
M00380,2025-09-26,email,0
M00380,2026-02-03,push,0
M00380,2025-07-25,in_app,0
M00380,2025-12-08,push,1
M00381,2026-04-21,email,1
M00381,2025-09-11,push,0
M00381,2026-06-27,push,0
M00381,2025-11-11,email,1
M00381,2026-03-16,push,1
M00381,2025-09-22,push,1
M00381,2026-05-14,push,1
M00381,2026-01-03,email,0
M00381,2026-04-09,email,0
M00381,2026-05-13,email,0
M00381,2025-12-26,in_app,1
M00381,2025-11-15,push,0
M00381,2025-11-30,in_app,0
M00381,2025-12-07,in_app,1
M00381,2025-08-09,email,1
M00381,2025-07-31,push,0
M00382,2026-04-07,push,0
M00382,2026-07-06,email,0
M00382,2026-05-18,email,0
M00382,2025-09-03,in_app,0
M00382,2026-04-22,in_app,0
M00382,2025-10-19,in_app,1
M00383,2025-10-22,email,0
M00383,2026-05-13,in_app,0
M00383,2026-06-12,email,0
M00383,2025-09-21,push,0
M00383,2026-05-18,email,0
M00383,2025-10-07,in_app,0
M00383,2025-08-24,push,0
M00383,2025-12-05,email,0
M00383,2026-03-11,email,0
M00383,2025-09-18,email,0
M00383,2026-06-05,email,1
M00383,2025-12-30,push,0
M00383,2025-08-26,push,0
M00383,2025-12-01,push,0
M00384,2026-01-26,email,0
M00384,2026-01-29,in_app,0
M00384,2025-08-13,push,0
M00384,2026-06-13,push,0
M00384,2026-01-30,push,0
M00384,2026-03-10,email,0
M00384,2025-08-06,push,1
M00385,2025-07-30,email,1
M00385,2025-12-23,in_app,0
M00385,2026-05-18,push,1
M00385,2026-03-14,email,0
M00385,2026-02-21,push,0
M00386,2025-08-29,push,0
M00386,2025-09-16,email,1
M00386,2025-12-09,push,1
M00386,2025-10-17,push,1
M00386,2026-01-20,in_app,0
M00386,2026-02-21,push,1
M00386,2025-10-08,in_app,0
M00386,2025-08-03,email,1
M00386,2026-01-21,push,1
M00386,2026-01-03,email,1
M00386,2026-03-24,email,1
M00387,2025-08-08,email,1
M00387,2026-05-25,push,1
M00387,2026-04-24,in_app,1
M00387,2026-04-10,push,1
M00387,2025-12-18,in_app,1
M00387,2025-10-11,in_app,0
M00387,2026-05-13,email,1
M00387,2026-04-06,in_app,1
M00387,2025-12-24,email,0
M00388,2026-06-21,push,0
M00388,2026-07-07,email,0
M00388,2025-09-30,in_app,1
M00388,2025-12-08,email,0
M00388,2026-01-06,in_app,0
M00388,2025-12-05,in_app,1
M00388,2026-05-04,email,0
M00388,2025-10-30,email,0
M00388,2026-04-16,email,1
M00388,2025-11-09,in_app,1
M00388,2025-08-01,push,1
M00388,2026-06-13,in_app,0
M00389,2026-04-18,email,1
M00389,2025-08-14,in_app,0
M00389,2025-11-17,email,0
M00389,2026-07-17,push,1
M00389,2025-09-08,push,1
M00389,2026-03-10,push,0
M00389,2026-03-24,in_app,1
M00389,2026-04-23,in_app,1
M00389,2026-02-06,in_app,1
M00390,2026-04-06,email,1
M00390,2025-09-23,push,1
M00390,2025-10-23,in_app,0
M00390,2026-05-12,in_app,0
M00390,2025-10-17,push,0
M00391,2026-03-01,email,0
M00391,2025-12-03,push,0
M00391,2026-06-08,push,1
M00391,2026-04-25,push,1
M00391,2026-02-08,email,1
M00391,2025-09-30,push,0
M00391,2026-07-16,in_app,0
M00392,2025-08-04,email,1
M00392,2025-12-17,email,0
M00392,2026-03-26,email,1
M00393,2025-12-16,email,0
M00393,2025-10-11,email,0
M00393,2025-07-30,in_app,1
M00393,2025-11-28,email,0
M00393,2025-11-28,push,0
M00393,2025-07-26,email,0
M00393,2025-08-26,email,0
M00393,2026-03-11,email,1
M00393,2026-03-26,push,0
M00393,2025-09-13,push,1
M00393,2025-12-29,push,0
M00393,2026-01-10,push,0
M00393,2025-12-02,email,0
M00393,2026-03-25,in_app,1
M00394,2026-03-30,push,1
M00394,2025-10-28,push,0
M00394,2025-10-18,push,0
M00394,2025-12-02,push,0
M00394,2025-08-07,push,0
M00394,2025-10-15,push,0
M00394,2026-02-25,push,1
M00394,2025-09-08,push,0
M00394,2026-04-05,push,1
M00394,2025-08-19,push,1
M00394,2025-10-18,in_app,0
M00394,2026-01-25,in_app,0
M00395,2025-12-21,push,0
M00395,2026-06-05,email,0
M00395,2025-09-03,push,0
M00395,2026-07-10,in_app,0
M00395,2026-01-08,push,1
M00395,2025-11-19,in_app,0
M00395,2026-01-10,in_app,0
M00395,2026-06-22,email,0
M00395,2026-06-28,in_app,0
M00396,2026-03-28,push,1
M00396,2025-08-10,push,1
M00396,2025-07-27,push,0
M00396,2026-05-21,email,1
M00396,2025-10-07,push,1
M00396,2025-09-30,email,1
M00397,2025-11-18,email,0
M00397,2026-06-09,in_app,1
M00397,2026-04-23,email,0
M00397,2026-02-27,push,1
M00397,2025-09-07,email,0
M00397,2026-02-07,email,1
M00397,2026-05-01,email,0
M00397,2025-08-11,email,0
M00397,2026-01-14,email,0
M00398,2026-02-11,push,1
M00398,2025-11-28,push,0
M00398,2025-09-16,push,1
M00398,2026-03-25,push,1
M00398,2026-02-08,email,0
M00399,2025-09-18,push,1
M00399,2026-05-28,push,1
M00399,2025-12-23,in_app,1
M00399,2025-09-29,push,1
M00399,2026-04-16,push,1
M00399,2026-05-22,push,1
M00399,2026-01-03,push,1
M00399,2026-04-16,push,1
M00400,2026-03-28,push,1
M00400,2026-02-28,push,0
M00400,2026-02-17,push,1
M00400,2026-03-03,email,0
M00400,2026-05-27,push,0
M00400,2025-09-03,in_app,1
M00400,2025-09-22,in_app,0
M00400,2025-09-26,email,1
M00400,2026-04-12,in_app,1
M00400,2026-05-31,push,0
M00400,2025-09-25,push,0
M00401,2026-04-16,in_app,0
M00401,2026-03-05,push,1
M00401,2025-12-01,in_app,0
M00401,2025-09-07,in_app,1
M00401,2026-06-20,push,0
M00401,2025-12-29,push,1
M00402,2025-11-19,push,1
M00402,2026-05-13,in_app,0
M00402,2026-04-15,push,1
M00402,2025-12-17,in_app,0
M00402,2026-01-17,push,1
M00402,2025-12-30,email,1
M00402,2026-06-03,in_app,1
M00402,2025-09-09,email,1
M00402,2025-12-27,push,0
M00402,2026-01-04,push,0
M00402,2026-01-22,in_app,1
M00402,2025-07-28,email,0
M00402,2025-10-01,email,1
M00402,2025-12-13,email,1
M00402,2026-02-06,in_app,1
M00402,2026-07-07,email,1
M00402,2026-04-04,email,0
M00402,2026-03-08,email,1
M00402,2026-03-06,email,0
M00403,2026-02-18,in_app,1
M00403,2025-11-06,in_app,0
M00403,2026-07-16,email,1
M00403,2026-06-18,in_app,0
M00403,2025-09-15,push,0
M00403,2026-06-18,email,1
M00403,2026-06-01,in_app,0
M00403,2026-06-14,in_app,0
M00404,2025-10-18,push,1
M00404,2025-10-23,push,1
M00404,2026-03-11,push,1
M00404,2026-06-18,in_app,0
M00404,2026-06-26,email,0
M00404,2025-09-15,email,1
M00404,2025-11-12,push,0
M00404,2025-09-21,push,1
M00404,2026-01-10,email,1
M00404,2025-10-29,in_app,0
M00404,2025-11-04,in_app,0
M00404,2025-12-01,push,1
M00404,2026-02-13,in_app,1
M00405,2025-08-31,in_app,1
M00405,2026-01-21,push,0
M00405,2026-04-13,push,0
M00405,2026-07-04,email,0
M00405,2025-09-12,email,0
M00405,2026-02-03,in_app,0
M00406,2025-12-04,email,1
M00406,2026-01-27,push,0
M00406,2026-01-19,push,0
M00406,2026-06-15,push,0
M00406,2026-03-16,email,0
M00406,2026-05-31,in_app,0
M00406,2025-11-16,email,0
M00406,2026-03-28,push,1
M00407,2026-02-20,email,0
M00407,2026-05-18,email,1
M00407,2025-10-29,in_app,0
M00407,2026-04-15,push,1
M00407,2026-01-02,push,0
M00407,2026-01-28,push,1
M00407,2026-06-08,email,1
M00407,2026-04-06,email,0
M00407,2026-04-08,in_app,1
M00407,2025-09-11,in_app,1
M00407,2026-01-11,email,0
M00407,2025-11-14,in_app,0
M00408,2025-09-10,push,0
M00408,2026-03-05,email,0
M00408,2026-04-20,push,1
M00408,2026-02-02,email,0
M00408,2025-07-30,push,0
M00408,2026-07-16,email,0
M00408,2025-11-09,email,0
M00408,2026-03-17,in_app,1
M00408,2026-03-12,email,1
M00409,2025-07-25,email,1
M00409,2025-08-21,email,1
M00409,2026-06-11,push,0
M00409,2026-03-24,push,0
M00409,2026-02-21,in_app,0
M00409,2026-06-08,push,0
M00409,2026-05-12,in_app,1
M00409,2025-11-08,email,1
M00409,2026-06-16,in_app,0
M00409,2026-06-21,push,1
M00410,2025-07-26,email,0
M00410,2025-09-26,push,0
M00410,2026-07-01,email,0
M00410,2026-06-02,in_app,0
M00410,2025-12-09,email,0
M00410,2025-08-25,in_app,0
M00410,2026-03-02,email,0
M00410,2025-11-20,push,1
M00410,2025-10-02,email,0
M00410,2026-07-04,email,0
M00411,2026-02-10,in_app,0
M00411,2026-06-07,in_app,0
M00411,2026-02-21,in_app,0
M00411,2026-01-03,in_app,0
M00411,2025-08-21,push,1
M00411,2025-11-01,in_app,0
M00411,2026-05-08,in_app,0
M00411,2026-05-04,in_app,0
M00411,2026-05-06,email,1
M00411,2026-02-21,in_app,1
M00411,2026-06-18,push,1
M00411,2025-11-20,email,0
M00411,2025-12-14,push,0
M00411,2026-05-05,in_app,1
M00411,2026-07-15,push,1
M00411,2025-09-22,email,0
M00411,2026-02-05,email,0
M00412,2025-11-15,in_app,0
M00412,2026-05-06,email,0
M00412,2025-12-28,email,0
M00412,2025-09-20,push,0
M00412,2025-09-16,in_app,0
M00412,2026-02-16,email,1
M00412,2025-10-06,push,1
M00412,2026-05-17,push,0
M00412,2025-08-15,push,0
M00412,2025-11-18,email,0
M00413,2025-10-10,email,0
M00413,2026-03-30,in_app,1
M00413,2026-01-04,push,1
M00413,2026-07-18,in_app,1
M00413,2025-08-27,push,1
M00413,2026-01-07,email,0
M00413,2026-07-06,push,1
M00413,2025-09-10,in_app,0
M00413,2026-06-25,email,1
M00413,2025-10-10,in_app,0
M00414,2026-02-08,email,0
M00414,2026-04-02,email,0
M00414,2026-01-24,in_app,0
M00414,2025-12-04,push,0
M00414,2026-02-28,push,0
M00414,2026-07-08,in_app,0
M00414,2025-11-06,in_app,1
M00414,2025-12-26,in_app,0
M00415,2026-07-17,push,1
M00415,2025-12-26,email,0
M00415,2026-03-16,email,0
M00415,2025-11-05,push,1
M00415,2026-05-10,in_app,0
M00415,2025-09-25,email,0
M00415,2026-02-13,push,0
M00416,2026-07-03,email,1
M00416,2026-07-02,in_app,1
M00416,2025-09-21,push,0
M00416,2026-03-09,email,0
M00416,2026-03-05,email,0
M00416,2026-02-11,push,1
M00416,2026-05-03,push,1
M00416,2026-04-24,email,0
M00416,2026-05-23,push,0
M00416,2026-03-24,email,0
M00416,2025-11-19,push,0
M00416,2026-03-05,in_app,0
M00416,2026-01-29,push,0
M00417,2026-01-29,push,0
M00417,2025-10-04,push,0
M00417,2026-02-19,email,1
M00417,2025-10-19,email,1
M00417,2026-03-06,push,0
M00417,2026-03-14,push,1
M00417,2026-02-12,in_app,1
M00417,2026-02-24,in_app,1
M00418,2026-02-12,email,1
M00418,2026-06-20,push,0
M00418,2025-11-22,push,0
M00418,2026-04-24,email,1
M00418,2026-03-05,push,0
M00418,2025-11-04,push,0
M00418,2026-01-10,email,0
M00419,2026-01-10,in_app,0
M00419,2026-07-17,email,0
M00419,2025-08-02,in_app,0
M00419,2025-10-27,in_app,0
M00419,2025-09-20,push,0
M00419,2025-09-03,in_app,0
M00419,2025-09-18,push,0
M00420,2025-11-14,email,0
M00420,2026-05-16,push,0
M00420,2026-04-16,push,0
M00420,2025-09-24,push,1
M00420,2026-05-11,in_app,0
M00420,2025-12-12,in_app,0
M00420,2025-10-25,email,0
M00420,2026-03-13,in_app,0
M00421,2026-06-29,push,0
M00421,2025-11-17,push,0
M00421,2025-11-24,in_app,0
M00421,2026-06-09,push,1
M00421,2026-04-12,email,0
M00421,2026-05-03,email,1
M00421,2026-04-13,in_app,0
M00421,2025-09-17,in_app,1
M00422,2025-10-19,push,0
M00422,2025-10-28,push,0
M00422,2026-02-26,in_app,0
M00422,2026-04-17,email,1
M00422,2026-06-25,push,0
M00422,2025-09-08,email,1
M00422,2025-11-07,push,0
M00422,2025-08-04,push,0
M00422,2025-08-11,in_app,1
M00423,2025-09-09,push,0
M00423,2025-11-09,email,0
M00423,2025-10-03,email,0
M00423,2026-01-15,in_app,0
M00423,2026-05-30,email,1
M00423,2026-03-29,in_app,1
M00423,2026-01-05,email,0
M00423,2026-06-15,email,0
M00423,2026-04-06,push,1
M00423,2026-04-27,push,0
M00423,2026-06-10,in_app,0
M00424,2025-07-26,in_app,1
M00424,2026-06-12,in_app,0
M00424,2025-10-19,email,0
M00424,2026-07-14,in_app,1
M00424,2026-01-29,in_app,0
M00424,2026-05-31,push,1
M00424,2026-06-05,push,1
M00424,2025-11-01,in_app,0
M00425,2025-09-19,email,1
M00425,2025-09-19,email,0
M00425,2025-12-08,in_app,0
M00425,2026-05-21,push,1
M00425,2026-07-08,email,1
M00425,2026-02-27,push,0
M00425,2026-07-05,in_app,0
M00425,2025-10-17,email,0
M00425,2026-03-24,email,0
M00425,2025-12-27,email,0
M00425,2025-10-10,in_app,1
M00426,2025-12-06,in_app,0
M00426,2025-09-12,email,1
M00426,2025-11-09,email,0
M00426,2026-06-25,in_app,1
M00426,2025-09-04,in_app,1
M00426,2026-06-30,email,1
M00427,2025-08-10,in_app,1
M00427,2026-03-12,email,0
M00427,2026-07-18,email,0
M00427,2026-03-15,email,0
M00427,2025-11-21,email,0
M00427,2026-05-23,email,1
M00427,2026-06-24,push,0
M00427,2025-09-24,in_app,1
M00427,2025-07-27,email,0
M00427,2025-09-04,email,0
M00427,2025-08-28,in_app,1
M00427,2026-04-15,push,1
M00427,2025-07-31,email,0
M00428,2025-12-02,in_app,0
M00428,2026-03-11,push,0
M00428,2025-11-19,email,1
M00428,2025-08-16,push,0
M00428,2025-10-14,in_app,1
M00428,2026-06-18,email,1
M00428,2025-12-03,email,0
M00428,2025-10-17,email,1
M00428,2026-02-15,email,1
M00428,2026-03-29,email,1
M00428,2025-12-23,in_app,0
M00428,2025-07-23,push,0
M00428,2025-12-16,email,0
M00428,2026-05-16,email,0
M00429,2026-04-17,email,0
M00429,2026-05-02,push,0
M00429,2025-09-20,push,1
M00429,2026-06-12,push,0
M00429,2026-05-26,push,1
M00429,2026-05-16,push,1
M00429,2025-11-02,in_app,1
M00430,2026-01-10,email,1
M00430,2026-03-23,push,1
M00430,2026-02-23,push,1
M00430,2026-05-22,in_app,1
M00430,2026-02-06,in_app,1
M00431,2025-09-03,push,1
M00431,2026-03-08,push,0
M00431,2025-08-27,in_app,1
M00431,2025-10-07,in_app,1
M00432,2025-08-07,push,1
M00432,2025-11-17,in_app,1
M00432,2026-07-09,push,0
M00432,2026-03-24,push,0
M00432,2025-11-23,in_app,0
M00432,2025-10-14,email,1
M00432,2026-04-17,email,0
M00432,2026-02-02,in_app,1
M00432,2026-02-03,email,1
M00432,2026-02-19,email,0
M00433,2026-05-09,email,0
M00433,2025-09-30,email,0
M00433,2025-09-27,push,0
M00433,2026-03-03,in_app,1
M00433,2026-04-11,push,0
M00433,2025-08-01,in_app,0
M00433,2026-04-03,email,0
M00433,2026-03-11,email,0
M00434,2026-03-12,in_app,0
M00434,2025-12-08,in_app,1
M00434,2026-07-04,push,1
M00434,2026-01-17,push,0
M00434,2026-03-12,email,1
M00434,2025-11-25,in_app,1
M00434,2026-01-26,email,0
M00434,2025-09-22,email,1
M00435,2026-05-30,push,1
M00435,2025-10-25,push,1
M00435,2026-01-25,push,0
M00435,2026-02-12,email,1
M00435,2026-04-18,push,0
M00435,2025-10-19,email,1
M00435,2026-01-16,email,0
M00435,2026-03-04,push,0
M00435,2025-09-30,email,0
M00436,2026-01-09,in_app,0
M00436,2026-03-11,push,1
M00436,2025-11-07,push,1
M00436,2026-05-11,push,0
M00436,2026-05-13,push,0
M00436,2025-09-17,email,1
M00436,2026-06-23,email,1
M00436,2026-06-16,email,0
M00436,2026-02-05,in_app,0
M00436,2026-07-17,push,0
M00436,2025-12-04,push,0
M00436,2025-11-08,email,0
M00436,2025-10-29,email,0
M00436,2026-04-26,in_app,0
M00436,2025-08-26,push,0
M00437,2026-04-23,push,1
M00437,2026-02-06,email,0
M00437,2026-03-10,push,0
M00437,2026-05-18,email,0
M00437,2026-05-04,email,0
M00437,2026-07-18,in_app,1
M00437,2025-12-31,push,1
M00437,2026-03-28,push,0
M00437,2026-05-25,email,0
M00437,2026-06-17,email,0
M00437,2026-01-21,in_app,0
M00437,2025-10-21,email,0
M00438,2026-03-12,push,0
M00438,2026-02-10,in_app,0
M00438,2025-09-29,email,0
M00438,2026-03-05,push,0
M00438,2025-12-14,push,1
M00438,2025-11-30,push,0
M00438,2025-11-07,push,0
M00438,2026-03-01,email,0
M00438,2026-03-18,push,0
M00438,2026-03-30,email,0
M00438,2026-06-28,in_app,1
M00438,2026-03-16,push,1
M00439,2026-01-25,email,1
M00439,2026-01-28,in_app,1
M00439,2026-01-12,in_app,0
M00439,2025-11-03,push,1
M00439,2025-09-09,in_app,0
M00439,2026-03-12,push,1
M00439,2026-07-08,push,0
M00439,2026-03-09,email,1
M00439,2026-06-11,in_app,1
M00440,2025-08-23,push,1
M00440,2025-11-10,in_app,1
M00440,2025-10-05,in_app,1
M00440,2025-12-21,email,1
M00440,2026-05-29,email,1
M00440,2025-09-16,in_app,1
M00440,2026-05-15,push,1
M00441,2025-11-24,email,0
M00441,2026-03-09,push,0
M00441,2025-09-30,email,0
M00441,2025-10-28,push,1
M00441,2025-12-05,push,1
M00442,2025-12-28,email,1
M00442,2026-06-18,in_app,0
M00442,2025-09-21,push,1
M00442,2025-07-23,in_app,0
M00442,2025-08-12,email,1
M00442,2025-11-10,push,0
M00443,2026-01-07,push,0
M00443,2026-07-02,push,1
M00443,2026-07-03,push,0
M00443,2026-04-15,in_app,0
M00443,2025-09-24,push,0
M00444,2026-02-05,email,0
M00444,2026-01-17,email,1
M00444,2026-03-26,email,0
M00444,2026-03-11,push,0
M00444,2026-04-08,in_app,0
M00444,2026-06-20,email,1
M00444,2026-01-05,in_app,0
M00444,2025-09-17,push,0
M00444,2026-01-20,push,0
M00445,2025-10-09,email,0
M00445,2026-07-06,email,0
M00445,2025-09-10,in_app,1
M00445,2026-05-29,email,0
M00445,2025-10-25,email,1
M00445,2026-01-02,email,0
M00445,2026-03-21,in_app,1
M00446,2025-08-17,push,0
M00446,2026-04-04,in_app,0
M00446,2025-11-28,push,0
M00446,2026-06-22,email,1
M00446,2025-09-13,email,1
M00446,2026-01-12,push,0
M00446,2025-12-25,push,0
M00446,2026-01-30,in_app,1
M00446,2025-11-03,email,0
M00447,2026-05-04,push,0
M00447,2025-12-15,email,0
M00447,2025-07-30,in_app,0
M00447,2025-11-17,email,0
M00447,2025-10-24,in_app,0
M00448,2025-08-03,push,0
M00448,2025-08-21,in_app,0
M00448,2025-12-30,email,0
M00448,2025-11-20,in_app,0
M00448,2026-07-04,email,0
M00448,2026-04-22,push,0
M00448,2025-07-28,in_app,1
M00448,2025-12-25,in_app,0
M00448,2025-10-18,in_app,1
M00449,2025-09-26,push,0
M00449,2025-10-20,push,0
M00449,2026-03-07,in_app,1
M00449,2026-05-24,push,0
M00449,2025-09-11,push,1
M00449,2026-01-17,email,0
M00449,2026-01-24,push,0
M00449,2026-05-03,email,0
M00449,2025-09-09,push,0
M00449,2026-05-22,in_app,0
M00449,2025-08-18,in_app,0
M00449,2026-07-13,push,0
M00449,2025-11-03,in_app,0
M00450,2026-05-11,email,0
M00450,2026-05-15,push,1
M00450,2026-05-23,email,0
M00450,2025-12-03,email,0
M00450,2025-11-16,email,0
M00450,2026-06-05,in_app,1
M00450,2026-02-22,email,0
M00450,2025-08-12,in_app,0
M00450,2025-10-14,push,0
M00450,2026-04-04,in_app,0
M00451,2025-10-09,in_app,1
M00451,2026-07-04,push,1
M00451,2025-10-02,push,1
M00451,2026-03-02,push,0
M00451,2025-07-24,in_app,0
M00451,2026-01-04,push,1
M00451,2026-03-23,email,0
M00451,2026-05-22,email,1
M00451,2026-07-07,push,1
M00451,2026-06-16,email,1
M00451,2026-02-02,in_app,0
M00451,2026-07-05,push,0
M00452,2026-07-16,in_app,0
M00452,2025-09-09,email,1
M00452,2026-06-27,email,0
M00452,2026-04-22,push,0
M00452,2026-05-05,in_app,0
M00452,2026-05-14,email,0
M00452,2026-05-23,email,1
M00452,2026-03-25,push,0
M00452,2026-04-09,push,1
M00452,2026-04-26,in_app,1
M00452,2026-05-18,in_app,1
M00453,2026-01-15,push,0
M00453,2025-08-12,email,0
M00453,2026-01-12,in_app,0
M00453,2026-06-09,email,0
M00453,2026-06-24,in_app,0
M00453,2026-06-01,in_app,0
M00453,2025-12-19,push,1
M00453,2025-10-26,email,1
M00453,2026-05-05,push,1
M00453,2025-07-28,in_app,0
M00453,2026-02-05,in_app,0
M00453,2025-08-04,in_app,1
M00454,2026-07-04,in_app,0
M00454,2025-08-03,email,1
M00454,2025-11-01,push,1
M00454,2025-08-27,push,0
M00454,2026-06-15,push,1
M00454,2025-12-11,push,0
M00455,2026-05-28,push,0
M00455,2025-09-28,email,0
M00455,2026-01-16,email,0
M00455,2026-04-05,push,0
M00455,2026-07-15,push,0
M00455,2026-04-13,in_app,0
M00455,2026-03-09,in_app,0
M00455,2026-02-19,in_app,0
M00455,2025-09-23,email,0
M00455,2025-08-31,push,0
M00455,2025-10-06,in_app,0
M00456,2025-11-30,email,0
M00456,2026-04-07,email,1
M00456,2025-12-14,push,0
M00456,2026-03-28,push,0
M00456,2025-08-16,email,0
M00456,2026-01-14,in_app,0
M00456,2025-11-21,in_app,0
M00456,2025-09-24,in_app,0
M00456,2026-05-07,push,0
M00457,2026-02-13,in_app,0
M00457,2026-06-06,push,1
M00457,2025-11-20,email,1
M00457,2026-01-04,in_app,1
M00458,2025-10-13,in_app,0
M00458,2025-08-10,push,0
M00458,2025-11-03,push,0
M00458,2026-03-11,push,0
M00458,2025-11-02,in_app,0
M00458,2025-12-22,in_app,0
M00458,2026-05-05,in_app,0
M00459,2026-05-27,push,1
M00459,2025-09-09,email,0
M00459,2025-11-14,in_app,1
M00460,2026-04-16,push,0
M00460,2026-04-11,in_app,0
M00460,2026-07-16,email,0
M00460,2026-04-02,in_app,0
M00460,2025-07-27,email,0
M00460,2025-11-10,email,0
M00460,2026-03-21,push,1
M00461,2025-08-30,in_app,0
M00461,2026-01-21,email,0
M00461,2026-06-20,push,0
M00461,2025-10-15,push,0
M00461,2026-02-26,in_app,0
M00461,2025-10-05,push,1
M00461,2026-05-23,push,0
M00461,2025-09-05,in_app,0
M00461,2026-06-30,push,0
M00461,2026-06-25,push,0
M00461,2025-11-27,in_app,0
M00461,2026-07-12,push,0
M00461,2026-06-13,push,0
M00461,2026-04-21,push,0
M00462,2025-10-22,in_app,1
M00462,2025-11-13,in_app,1
M00462,2025-10-01,email,1
M00462,2026-05-20,email,1
M00462,2026-01-20,push,1
M00462,2026-04-30,push,1
M00462,2026-02-17,email,1
M00462,2025-10-15,in_app,1
M00462,2026-05-07,in_app,1
M00463,2026-07-03,push,1
M00463,2026-07-15,in_app,1
M00463,2026-05-11,email,0
M00463,2026-04-02,in_app,1
M00463,2026-06-04,push,1
M00463,2026-04-25,in_app,1
M00463,2025-10-10,push,1
M00463,2025-11-16,email,0
M00464,2025-08-05,email,0
M00464,2026-03-04,in_app,1
M00464,2026-07-08,email,0
M00464,2026-02-25,in_app,1
M00464,2026-04-13,push,0
M00464,2026-06-25,in_app,0
M00464,2026-04-01,in_app,0
M00464,2025-08-24,email,1
M00464,2026-06-11,push,0
M00464,2025-10-20,email,1
M00464,2026-04-09,push,0
M00464,2026-03-11,email,0
M00465,2025-10-26,push,0
M00465,2026-01-07,email,1
M00465,2025-12-03,push,0
M00465,2025-11-17,push,1
M00465,2026-07-08,push,1
M00465,2025-10-06,email,1
M00465,2026-05-31,push,1
M00465,2025-12-25,in_app,1
M00466,2026-04-30,email,0
M00466,2026-06-25,in_app,0
M00466,2025-12-30,email,0
M00466,2026-02-08,in_app,0
M00466,2025-12-03,email,1
M00466,2025-08-26,email,0
M00467,2025-11-27,in_app,1
M00467,2025-08-06,email,1
M00467,2025-09-28,push,1
M00467,2025-11-30,push,1
M00467,2026-04-23,in_app,0
M00467,2026-03-20,in_app,1
M00467,2026-04-19,push,0
M00467,2025-08-10,email,0
M00467,2026-05-22,in_app,0
M00467,2025-10-24,email,0
M00468,2026-04-10,email,0
M00468,2026-01-30,email,0
M00468,2026-06-17,email,0
M00468,2026-02-24,in_app,0
M00468,2025-08-22,email,0
M00468,2025-10-09,email,0
M00468,2025-10-27,email,0
M00468,2026-05-11,push,0
M00468,2025-08-25,push,0
M00468,2026-03-16,in_app,0
M00468,2026-05-29,in_app,0
M00469,2026-05-10,in_app,0
M00469,2026-02-20,push,1
M00469,2025-08-09,in_app,0
M00469,2026-03-14,push,0
M00469,2026-01-25,email,1
M00470,2025-12-04,email,0
M00470,2026-04-23,email,0
M00470,2026-03-22,push,1
M00470,2026-02-03,push,0
M00471,2026-04-17,push,0
M00471,2026-06-12,push,0
M00471,2026-04-20,email,0
M00471,2026-06-11,push,0
M00471,2025-10-04,push,1
M00471,2025-12-26,push,1
M00471,2026-04-10,in_app,0
M00471,2025-09-13,push,1
M00472,2025-12-12,email,1
M00472,2026-07-12,push,0
M00472,2026-06-26,email,0
M00472,2025-08-07,email,0
M00472,2025-08-15,push,0
M00472,2026-04-10,push,0
M00472,2026-04-10,push,0
M00472,2026-01-06,push,0
M00472,2025-09-17,push,1
M00472,2026-05-26,push,0
M00472,2025-10-27,email,1
M00472,2026-01-15,email,1
M00472,2026-03-09,push,0
M00472,2025-10-08,email,0
M00473,2025-08-26,in_app,0
M00473,2026-06-08,in_app,0
M00473,2025-08-01,email,0
M00473,2026-05-23,push,1
M00473,2026-05-23,in_app,0
M00473,2025-07-27,push,1
M00473,2026-02-11,in_app,0
M00473,2026-05-08,email,0
M00474,2025-09-02,in_app,1
M00474,2026-01-28,email,1
M00474,2025-09-15,push,1
M00474,2026-02-04,in_app,1
M00474,2026-07-20,push,1
M00474,2026-02-22,in_app,1
M00474,2025-12-19,push,0
M00474,2026-03-28,email,1
M00474,2026-06-09,in_app,0
M00475,2026-03-05,push,0
M00475,2026-07-07,push,1
M00475,2026-05-07,push,1
M00475,2026-04-26,in_app,0
M00475,2026-06-06,in_app,1
M00475,2025-11-22,push,0
M00475,2025-10-25,email,0
M00476,2026-06-13,push,0
M00476,2026-05-31,email,0
M00476,2025-12-17,in_app,1
M00476,2025-09-19,email,0
M00476,2026-06-03,in_app,0
M00476,2026-04-24,email,0
M00476,2026-03-26,push,0
M00476,2025-11-02,email,0
M00476,2026-01-18,in_app,0
M00477,2025-12-30,push,1
M00477,2026-02-01,push,0
M00477,2025-08-08,email,0
M00477,2026-05-26,push,0
M00477,2025-10-30,push,1
M00477,2026-05-28,email,0
M00478,2026-06-23,push,0
M00478,2026-06-26,email,0
M00478,2026-03-17,in_app,0
M00478,2025-10-08,email,1
M00478,2026-02-26,push,0
M00478,2026-05-13,push,1
M00478,2025-09-06,email,1
M00478,2026-03-13,push,1
M00478,2026-03-19,push,1
M00478,2026-02-18,push,1
M00478,2025-09-05,email,1
M00478,2025-09-18,email,0
M00479,2026-05-04,email,0
M00479,2026-01-26,email,0
M00479,2025-10-14,in_app,0
M00479,2025-08-02,in_app,0
M00479,2025-08-05,email,1
M00479,2026-07-11,email,0
M00479,2025-12-11,email,0
M00479,2025-09-05,push,0
M00480,2025-11-09,in_app,1
M00480,2026-05-17,in_app,0
M00480,2026-03-31,push,0
M00480,2026-04-03,push,0
M00480,2025-08-16,email,0
M00480,2025-08-29,in_app,1
M00480,2025-09-30,in_app,1
M00480,2025-11-09,push,0
M00480,2025-10-04,email,1
M00481,2025-12-28,email,1
M00481,2025-08-29,email,0
M00481,2025-11-05,in_app,0
M00481,2026-07-19,in_app,1
M00481,2026-07-16,push,0
M00481,2025-09-30,in_app,0
M00481,2026-04-17,in_app,0
M00481,2025-12-24,in_app,0
M00481,2026-02-06,email,1
M00481,2025-09-17,email,0
M00481,2026-04-12,push,0
M00482,2025-09-04,email,1
M00482,2026-03-12,in_app,0
M00482,2026-03-10,in_app,0
M00482,2025-09-23,email,0
M00482,2025-09-11,in_app,0
M00482,2025-08-18,in_app,1
M00482,2026-07-06,in_app,0
M00482,2026-06-18,in_app,0
M00482,2026-06-28,email,0
M00482,2026-01-28,push,1
M00483,2025-12-23,in_app,1
M00483,2025-09-10,email,0
M00483,2025-09-01,email,0
M00483,2026-01-18,in_app,0
M00483,2026-03-31,in_app,0
M00483,2025-11-17,email,1
M00483,2025-11-20,email,1
M00483,2025-12-06,in_app,1
M00484,2026-06-03,push,0
M00484,2026-03-09,in_app,0
M00484,2025-12-22,in_app,0
M00484,2025-10-01,push,1
M00484,2025-08-27,push,0
M00484,2025-09-24,email,0
M00485,2026-01-01,email,0
M00485,2025-12-31,in_app,0
M00485,2026-03-02,in_app,0
M00485,2026-05-06,push,0
M00485,2026-01-31,push,0
M00485,2025-09-12,in_app,0
M00485,2026-03-30,in_app,1
M00485,2026-02-17,email,0
M00485,2026-06-25,push,0
M00485,2026-03-06,in_app,0
M00485,2025-12-24,in_app,0
M00486,2026-06-05,in_app,0
M00486,2025-08-19,push,0
M00486,2025-10-26,email,0
M00486,2026-01-08,push,0
M00486,2025-09-23,push,0
M00486,2026-05-31,push,0
M00486,2026-04-09,in_app,1
M00487,2026-05-28,in_app,0
M00487,2025-08-03,email,1
M00487,2025-12-09,in_app,1
M00487,2025-07-23,push,0
M00487,2026-04-11,push,0
M00487,2025-11-22,email,0
M00487,2025-12-26,push,0
M00487,2026-06-07,in_app,1
M00488,2025-07-30,push,0
M00488,2025-08-16,email,0
M00488,2026-06-23,email,1
M00488,2025-11-16,in_app,0
M00488,2026-06-13,in_app,0
M00488,2026-01-19,email,1
M00488,2025-11-02,email,1
M00488,2025-09-20,email,0
M00488,2026-01-01,push,0
M00488,2026-01-24,email,0
M00489,2025-08-09,in_app,1
M00489,2026-07-06,in_app,1
M00489,2025-12-14,email,0
M00489,2026-06-04,push,0
M00489,2026-03-29,push,0
M00489,2026-01-23,push,1
M00489,2026-01-08,in_app,0
M00489,2026-07-07,in_app,1
M00489,2025-07-30,in_app,0
M00489,2026-03-13,email,0
M00489,2025-11-05,in_app,1
M00489,2026-04-04,in_app,1
M00490,2025-08-31,in_app,1
M00490,2025-08-03,email,0
M00490,2025-12-20,email,1
M00490,2026-06-06,push,1
M00490,2025-10-04,push,0
M00491,2026-04-10,email,1
M00491,2026-05-22,in_app,1
M00491,2025-09-25,email,1
M00491,2025-09-05,push,0
M00491,2025-11-20,email,0
M00491,2025-11-04,push,1
M00491,2026-05-31,in_app,0
M00491,2026-04-11,in_app,1
M00491,2025-10-05,push,1
M00491,2025-10-24,in_app,1
M00491,2026-01-16,push,0
M00492,2026-06-07,in_app,0
M00492,2026-05-27,email,0
M00492,2025-12-31,push,0
M00492,2026-05-30,push,0
M00492,2026-03-30,in_app,1
M00492,2026-07-16,email,1
M00492,2025-11-23,push,0
M00492,2026-02-12,push,0
M00492,2026-05-28,email,0
M00492,2025-12-13,push,0
M00492,2026-06-12,in_app,0
M00493,2025-11-23,push,0
M00493,2026-04-13,in_app,0
M00493,2025-10-04,in_app,0
M00493,2026-01-11,email,1
M00493,2026-02-18,push,1
M00494,2026-01-06,in_app,1
M00494,2026-06-06,email,0
M00494,2026-06-06,in_app,1
M00494,2026-01-11,email,0
M00494,2026-03-09,in_app,0
M00494,2026-07-08,email,0
M00494,2025-10-11,email,1
M00494,2025-11-08,in_app,0
M00494,2026-07-12,email,0
M00494,2026-06-26,in_app,0
M00495,2025-09-24,push,0
M00495,2026-05-14,email,1
M00495,2026-07-17,email,1
M00495,2026-02-21,email,1
M00495,2025-10-16,in_app,1
M00495,2026-06-24,email,1
M00495,2025-08-16,in_app,1
M00496,2026-06-09,push,1
M00496,2025-09-01,email,1
M00496,2025-10-07,email,0
M00496,2025-11-22,email,0
M00496,2025-12-29,email,1
M00496,2026-05-09,email,1
M00496,2026-02-10,push,0
M00496,2025-08-24,email,0
M00496,2026-01-04,push,1
M00497,2026-02-27,push,0
M00497,2026-02-01,push,1
M00497,2026-03-16,in_app,1
M00497,2026-03-21,push,0
M00497,2025-11-24,in_app,0
M00497,2025-09-02,in_app,1
M00498,2026-02-23,push,0
M00498,2025-09-05,in_app,0
M00498,2026-02-06,email,0
M00498,2026-06-13,in_app,1
M00498,2026-06-25,push,0
M00498,2026-04-15,email,0
M00498,2025-11-11,push,1
M00498,2025-10-15,in_app,1
M00498,2026-04-14,in_app,0
M00498,2026-05-06,in_app,0
M00498,2026-03-31,email,1
M00499,2026-07-09,in_app,0
M00499,2026-04-06,email,0
M00499,2026-02-17,in_app,1
M00499,2026-06-20,in_app,1
M00499,2025-09-18,in_app,1
M00499,2025-10-28,email,0
M00500,2026-02-06,email,0
M00500,2025-11-29,email,0
M00500,2025-08-31,email,0
M00501,2026-01-07,push,1
M00501,2026-01-08,in_app,1
M00501,2026-06-30,push,0
M00501,2026-06-24,in_app,0
M00501,2025-09-24,in_app,0
M00501,2026-01-15,push,1
M00501,2025-07-26,in_app,1
M00501,2026-04-11,push,1
M00501,2025-11-20,in_app,0
M00501,2025-08-23,email,1
M00501,2025-10-16,in_app,1
M00501,2025-10-25,in_app,0
M00502,2026-06-29,push,0
M00502,2026-03-11,in_app,0
M00502,2025-07-23,email,1
M00502,2025-11-20,in_app,1
M00502,2026-01-01,push,0
M00502,2025-10-26,in_app,1
M00502,2026-04-27,in_app,1
M00502,2026-06-26,email,1
M00502,2025-12-14,in_app,1
M00502,2026-07-05,in_app,0
M00503,2025-12-03,email,0
M00503,2026-04-24,email,0
M00503,2026-04-08,in_app,0
M00503,2026-01-01,email,1
M00503,2025-10-15,email,0
M00503,2025-12-10,in_app,0
M00503,2026-07-02,email,0
M00503,2025-11-22,email,1
M00503,2025-09-01,in_app,0
M00503,2025-11-10,push,0
M00503,2025-09-21,email,0
M00504,2026-02-03,email,1
M00504,2025-11-16,email,1
M00504,2026-05-15,email,0
M00504,2026-06-19,in_app,1
M00504,2025-09-16,in_app,0
M00504,2026-04-02,push,0
M00504,2026-01-17,in_app,0
M00504,2025-10-16,in_app,1
M00504,2025-09-30,email,0
M00504,2026-05-21,in_app,0
M00504,2025-10-02,push,0
M00504,2025-08-10,push,1
M00504,2026-06-15,email,0
M00504,2025-09-25,email,1
M00505,2026-05-04,push,0
M00505,2026-01-04,email,0
M00505,2025-07-25,in_app,0
M00505,2025-09-28,push,0
M00506,2026-05-15,push,1
M00506,2025-08-24,in_app,0
M00506,2025-11-02,email,1
M00506,2025-08-31,push,1
M00506,2025-09-23,email,0
M00506,2025-12-13,email,0
M00507,2026-02-26,push,1
M00507,2025-08-30,in_app,0
M00507,2025-11-17,push,1
M00507,2026-05-28,push,0
M00507,2025-10-02,push,1
M00507,2026-07-13,email,0
M00508,2026-01-08,in_app,1
M00508,2026-05-01,email,0
M00508,2025-12-31,email,0
M00508,2025-09-17,in_app,0
M00508,2025-08-26,in_app,1
M00508,2026-06-08,in_app,0
M00508,2025-09-30,push,0
M00508,2025-08-11,push,0
M00508,2025-08-17,push,0
M00509,2025-12-21,in_app,1
M00509,2025-09-01,email,1
M00509,2026-04-23,email,1
M00509,2026-04-29,in_app,0
M00509,2025-10-10,in_app,1
M00509,2026-06-06,push,1
M00510,2026-07-01,push,1
M00510,2026-03-08,in_app,0
M00510,2025-08-11,push,1
M00510,2025-07-25,in_app,1
M00511,2025-09-17,push,0
M00511,2025-08-04,in_app,0
M00511,2026-05-17,push,1
M00511,2026-01-17,email,0
M00511,2025-08-19,email,1
M00511,2026-04-13,email,1
M00511,2026-03-06,push,0
M00511,2025-08-15,in_app,0
M00512,2025-08-21,push,0
M00512,2025-11-03,email,0
M00512,2026-02-15,email,1
M00512,2026-07-12,email,1
M00512,2026-01-17,email,0
M00512,2025-11-30,email,1
M00512,2026-05-18,push,1
M00512,2026-06-02,push,0
M00512,2025-08-21,in_app,0
M00512,2026-06-24,in_app,0
M00513,2026-02-10,push,0
M00513,2025-12-27,email,1
M00513,2025-07-30,push,0
M00513,2026-05-05,push,0
M00513,2025-09-19,in_app,0
M00513,2025-11-25,push,0
M00513,2026-06-24,in_app,1
M00514,2026-01-27,in_app,0
M00514,2025-11-08,push,1
M00514,2026-04-28,email,0
M00514,2026-05-21,push,0
M00514,2026-05-27,push,0
M00514,2026-03-19,push,0
M00514,2025-07-29,in_app,0
M00514,2025-12-08,email,0
M00515,2025-12-16,push,1
M00515,2025-12-16,push,1
M00515,2026-04-10,in_app,1
M00515,2025-12-05,push,0
M00515,2025-09-30,email,0
M00515,2026-01-21,email,1
M00515,2025-11-03,in_app,0
M00515,2025-08-09,in_app,1
M00515,2026-01-06,in_app,1
M00516,2025-12-20,push,0
M00516,2025-12-29,in_app,0
M00516,2025-10-26,email,1
M00516,2026-06-23,in_app,1
M00516,2025-09-18,email,1
M00516,2025-12-07,push,0
M00517,2025-09-15,email,0
M00517,2026-05-17,email,0
M00517,2026-06-29,push,0
M00517,2026-03-06,in_app,1
M00517,2026-05-08,push,0
M00517,2025-09-04,push,0
M00517,2025-09-29,email,0
M00517,2025-07-24,in_app,0
M00517,2025-08-04,push,0
M00518,2025-10-25,email,0
M00518,2026-05-06,in_app,1
M00518,2025-11-18,in_app,0
M00518,2025-12-06,in_app,0
M00518,2026-06-05,push,0
M00518,2026-07-07,push,1
M00518,2025-11-09,in_app,0
M00519,2026-07-17,in_app,0
M00519,2026-03-03,in_app,0
M00519,2025-11-26,push,0
M00519,2026-05-05,email,0
M00519,2025-08-04,push,0
M00519,2025-09-30,push,0
M00519,2025-11-21,in_app,0
M00519,2026-03-22,in_app,1
M00519,2025-12-01,in_app,0
M00519,2026-03-11,in_app,0
M00519,2026-04-27,in_app,0
M00519,2025-10-14,email,0
M00519,2025-11-29,in_app,0
M00519,2026-07-05,push,0
M00519,2025-07-27,push,0
M00519,2026-02-24,in_app,0
M00519,2025-09-06,email,1
M00520,2026-01-05,push,0
M00520,2026-03-24,push,0
M00520,2026-03-21,push,0
M00520,2025-10-04,in_app,0
M00520,2025-12-17,push,0
M00520,2026-02-19,email,0
M00520,2025-11-28,email,0
M00520,2025-10-25,email,0
M00520,2026-07-06,email,0
M00520,2026-04-23,push,0
M00520,2025-08-11,in_app,0
M00520,2026-05-27,in_app,0
M00521,2026-05-23,in_app,0
M00521,2026-06-28,email,1
M00521,2025-08-24,email,1
M00521,2026-06-28,email,0
M00521,2026-04-23,email,1
M00521,2026-07-22,in_app,0
M00521,2025-11-11,email,0
M00521,2026-02-02,in_app,0
M00521,2026-06-26,email,0
M00522,2026-06-03,in_app,0
M00522,2026-06-21,in_app,0
M00522,2026-07-04,push,0
M00522,2026-02-13,email,0
M00522,2026-07-12,email,1
M00522,2025-11-18,in_app,0
M00522,2026-07-23,email,0
M00523,2026-02-14,push,0
M00523,2026-05-28,in_app,0
M00523,2025-11-05,push,0
M00523,2025-11-12,push,0
M00523,2026-01-22,in_app,0
M00523,2025-10-11,email,0
M00523,2026-03-21,push,1
M00523,2026-01-18,email,0
M00523,2025-08-10,in_app,0
M00523,2026-02-25,in_app,0
M00523,2025-10-21,email,1
M00523,2026-02-04,email,0
M00524,2026-06-04,in_app,1
M00524,2026-04-19,push,0
M00524,2026-02-22,email,0
M00524,2026-03-29,email,0
M00524,2026-05-06,push,0
M00524,2026-06-24,email,0
M00524,2026-06-20,in_app,0
M00524,2026-06-03,push,0
M00524,2025-11-16,email,1
M00524,2026-04-07,push,0
M00525,2026-05-10,email,0
M00525,2026-03-14,email,1
M00525,2026-01-23,email,0
M00525,2025-10-17,push,0
M00525,2025-09-07,in_app,0
M00525,2026-02-05,in_app,0
M00526,2025-12-10,push,1
M00526,2026-06-23,push,1
M00526,2026-04-10,in_app,0
M00526,2026-02-27,push,1
M00526,2026-05-09,push,0
M00526,2026-01-15,email,0
M00526,2026-01-19,email,0
M00526,2026-05-13,push,0
M00527,2026-03-22,push,1
M00527,2026-03-29,push,1
M00527,2025-11-05,email,0
M00527,2026-01-10,in_app,1
M00527,2026-03-25,in_app,0
M00528,2025-07-27,in_app,0
M00528,2025-11-04,email,0
M00528,2026-02-10,in_app,0
M00528,2025-11-13,email,0
M00528,2025-09-30,email,1
M00528,2025-10-16,email,0
M00528,2025-08-21,email,0
M00528,2026-05-29,push,1
M00528,2025-09-02,push,0
M00529,2025-10-16,push,0
M00529,2025-09-20,email,0
M00529,2026-06-18,email,0
M00529,2026-01-20,email,0
M00529,2025-08-21,push,1
M00529,2026-05-16,email,0
M00529,2026-03-20,push,1
M00529,2025-07-25,in_app,0
M00529,2026-07-12,in_app,0
M00529,2025-08-24,email,0
M00530,2025-12-04,email,0
M00530,2025-12-30,push,0
M00530,2025-09-28,push,1
M00530,2026-02-23,push,1
M00530,2026-02-03,in_app,0
M00530,2026-03-07,email,1
M00531,2026-01-28,push,1
M00531,2026-07-05,in_app,0
M00531,2026-04-08,push,1
M00531,2026-07-05,push,1
M00531,2026-04-13,in_app,1
M00531,2025-10-20,push,0
M00531,2026-06-24,push,0
M00532,2025-11-15,push,0
M00532,2026-06-11,push,0
M00532,2026-05-25,in_app,0
M00532,2026-01-13,push,0
M00532,2026-03-02,push,0
M00532,2026-01-27,email,0
M00532,2026-06-03,in_app,0
M00532,2025-08-12,push,0
M00532,2025-10-18,push,0
M00532,2025-09-09,email,0
M00532,2025-11-10,in_app,1
M00532,2026-03-10,push,0
M00532,2025-11-11,email,0
M00532,2026-07-09,in_app,0
M00533,2025-11-01,in_app,0
M00533,2025-08-27,email,1
M00533,2026-05-14,in_app,0
M00533,2026-04-10,push,1
M00533,2025-11-26,email,0
M00533,2025-08-22,in_app,0
M00533,2026-05-07,push,1
M00533,2026-03-31,in_app,1
M00534,2026-04-26,in_app,0
M00534,2025-09-09,in_app,1
M00534,2025-08-13,push,0
M00534,2025-11-17,email,0
M00534,2026-04-25,email,1
M00534,2025-12-22,push,0
M00534,2025-08-21,push,0
M00534,2026-07-12,email,0
M00534,2025-08-12,in_app,0
M00534,2026-07-19,email,0
M00535,2026-05-13,email,0
M00535,2026-03-26,push,0
M00535,2025-08-16,email,0
M00535,2025-11-12,in_app,0
M00535,2026-02-26,push,1
M00535,2025-10-21,push,0
M00535,2026-07-13,email,0
M00536,2026-02-22,email,0
M00536,2025-11-28,push,1
M00536,2026-02-18,email,0
M00536,2025-08-14,in_app,0
M00536,2025-09-28,in_app,1
M00536,2026-01-05,push,0
M00536,2026-05-07,in_app,1
M00536,2026-02-02,in_app,1
M00536,2026-03-25,in_app,0
M00536,2025-09-18,push,0
M00537,2025-10-05,email,0
M00537,2026-04-12,in_app,0
M00537,2025-07-24,email,1
M00537,2026-03-19,in_app,1
M00537,2026-04-04,email,0
M00537,2025-11-07,email,1
M00537,2025-07-27,in_app,0
M00537,2025-12-25,email,1
M00537,2026-07-23,email,1
M00537,2026-03-25,email,1
M00537,2026-05-07,push,1
M00537,2025-12-18,in_app,0
M00538,2025-09-16,email,0
M00538,2026-07-20,email,0
M00538,2026-01-14,email,0
M00538,2025-07-29,email,1
M00538,2025-12-16,email,0
M00538,2026-03-21,email,0
M00538,2026-04-10,email,0
M00538,2025-11-24,in_app,0
M00538,2025-08-29,push,1
M00538,2026-05-06,in_app,0
M00539,2026-01-12,email,0
M00539,2026-01-04,email,1
M00539,2026-01-03,in_app,0
M00539,2026-01-06,push,0
M00539,2026-03-15,in_app,0
M00539,2026-04-20,email,0
M00540,2025-11-18,in_app,1
M00540,2026-04-14,push,0
M00540,2026-07-17,in_app,1
M00540,2026-02-18,email,0
M00540,2026-03-07,in_app,0
M00541,2026-05-26,in_app,0
M00541,2026-02-22,push,0
M00541,2026-03-03,email,0
M00541,2025-11-26,push,0
M00541,2026-06-23,push,0
M00541,2026-01-16,email,0
M00541,2026-05-30,email,0
M00541,2026-02-23,email,0
M00542,2026-07-18,email,0
M00542,2025-09-05,in_app,1
M00542,2025-11-03,push,0
M00542,2025-10-25,push,0
M00542,2026-05-05,in_app,1
M00542,2025-12-17,in_app,0
M00542,2026-04-01,push,1
M00542,2025-08-08,push,0
M00542,2026-03-12,push,0
M00542,2025-10-22,email,0
M00542,2026-07-09,push,0
M00542,2025-09-17,push,0
M00542,2026-07-08,in_app,0
M00542,2026-07-07,email,1
M00543,2025-10-07,email,1
M00543,2025-11-18,email,1
M00543,2025-11-30,email,0
M00543,2026-02-26,in_app,0
M00544,2026-07-17,in_app,0
M00544,2026-03-11,email,0
M00544,2025-10-06,push,0
M00544,2026-04-03,in_app,0
M00545,2025-12-19,email,1
M00545,2025-08-14,push,1
M00545,2025-08-27,push,1
M00545,2025-12-10,push,1
M00545,2026-04-20,email,1
M00545,2025-11-05,email,0
M00546,2026-06-10,in_app,0
M00546,2025-11-12,push,1
M00546,2025-08-31,in_app,1
M00546,2025-12-08,in_app,0
M00546,2026-02-24,in_app,1
M00546,2026-03-22,push,0
M00546,2026-04-11,email,1
M00546,2025-12-28,in_app,0
M00546,2026-02-07,email,0
M00546,2026-03-25,push,1
M00546,2026-02-12,email,0
M00546,2025-10-26,in_app,1
M00546,2026-03-14,push,1
M00547,2026-04-20,in_app,0
M00547,2025-07-25,email,0
M00547,2026-05-18,push,1
M00547,2026-07-01,email,1
M00547,2026-02-01,email,0
M00547,2026-02-13,in_app,1
M00547,2026-03-02,push,1
M00547,2026-04-16,in_app,1
M00547,2026-06-13,push,1
M00547,2026-04-06,push,0
M00547,2025-09-25,email,1
M00547,2026-01-04,email,0
M00548,2025-12-15,email,1
M00548,2026-01-28,push,0
M00548,2026-03-02,push,0
M00548,2025-08-27,in_app,1
M00548,2025-10-27,in_app,0
M00548,2026-05-22,in_app,1
M00548,2026-03-28,email,1
M00548,2026-02-12,in_app,1
M00549,2026-07-23,email,0
M00549,2026-01-14,in_app,1
M00549,2026-07-11,email,1
M00549,2026-04-23,email,1
M00549,2026-07-15,email,0
M00549,2026-03-20,push,0
M00549,2025-08-03,email,1
M00549,2026-02-16,in_app,0
M00549,2025-12-30,push,1
M00549,2026-02-25,in_app,1
M00549,2025-07-29,email,0
M00549,2025-07-25,email,0
M00549,2025-09-30,email,1
M00550,2025-12-07,email,0
M00550,2026-05-28,email,0
M00550,2026-06-06,push,0
M00550,2026-04-07,push,0
M00550,2025-08-20,in_app,0
M00550,2026-04-28,in_app,0
M00550,2025-11-14,email,1
M00550,2026-01-07,push,1
M00550,2026-07-16,in_app,1
M00550,2026-06-02,push,0
M00551,2025-11-05,push,0
M00551,2025-07-27,in_app,1
M00551,2025-09-09,push,1
M00551,2025-08-29,in_app,0
M00551,2025-08-04,push,0
M00551,2026-01-08,in_app,1
M00551,2025-08-30,email,0
M00551,2025-11-16,push,0
M00552,2026-07-14,in_app,0
M00552,2025-09-06,push,0
M00552,2025-10-29,push,0
M00552,2026-07-09,in_app,1
M00552,2026-04-28,in_app,0
M00552,2025-12-24,push,0
M00552,2025-09-18,in_app,1
M00552,2026-03-22,in_app,0
M00552,2026-05-10,push,1
M00552,2026-04-21,email,0
M00552,2026-03-24,in_app,1
M00552,2026-03-23,push,0
M00552,2026-02-21,in_app,0
M00553,2026-06-04,in_app,1
M00553,2026-04-24,push,1
M00553,2025-09-19,email,1
M00553,2026-03-23,email,1
M00553,2025-12-12,in_app,0
M00553,2026-05-12,email,1
M00553,2026-06-28,in_app,0
M00553,2026-05-15,email,0
M00553,2026-06-20,email,1
M00553,2025-11-12,email,1
M00554,2025-09-25,push,0
M00554,2026-04-11,in_app,0
M00554,2026-02-21,email,0
M00554,2026-02-20,push,1
M00554,2025-11-20,push,0
M00554,2025-09-27,push,0
M00554,2025-08-03,push,0
M00554,2025-08-20,push,0
M00554,2025-09-17,push,0
M00554,2025-10-12,email,0
M00554,2025-10-23,push,0
M00554,2025-10-12,email,1
M00554,2026-05-05,in_app,0
M00555,2025-11-01,push,0
M00555,2026-07-21,in_app,1
M00555,2025-11-25,push,0
M00555,2025-11-09,push,1
M00555,2025-12-28,in_app,0
M00555,2026-03-14,email,0
M00555,2026-01-13,in_app,0
M00555,2025-11-02,in_app,0
M00555,2026-03-02,email,1
M00555,2025-09-08,push,1
M00555,2025-12-01,email,1
M00555,2026-06-08,in_app,0
M00556,2025-10-08,push,1
M00556,2025-10-05,push,0
M00556,2025-10-20,push,0
M00556,2025-08-12,email,0
M00556,2025-08-10,push,1
M00556,2025-10-03,push,0
M00556,2026-07-03,push,0
M00556,2026-02-15,push,0
M00556,2025-11-26,email,0
M00556,2025-08-19,in_app,1
M00557,2026-02-12,in_app,0
M00557,2025-12-06,in_app,0
M00557,2026-04-23,push,1
M00557,2026-05-09,in_app,0
M00557,2026-05-07,email,1
M00557,2026-05-22,push,1
M00557,2026-07-13,in_app,1
M00557,2026-07-04,email,0
M00557,2026-03-08,in_app,1
M00558,2025-12-25,email,0
M00558,2026-03-19,in_app,0
M00558,2026-06-10,in_app,0
M00558,2025-09-14,push,0
M00558,2026-03-29,email,1
M00558,2026-05-12,push,0
M00558,2025-12-22,in_app,0
M00558,2026-01-28,email,1
M00558,2025-10-13,push,0
M00558,2026-01-23,push,0
M00558,2026-06-08,email,1
M00559,2025-10-05,email,1
M00559,2026-01-14,email,1
M00559,2026-01-10,email,0
M00559,2026-03-24,push,1
M00559,2026-01-17,in_app,0
M00559,2025-12-06,email,0
M00559,2026-05-04,push,1
M00559,2026-06-01,push,0
M00559,2026-07-15,email,0
M00559,2026-01-14,in_app,1
M00559,2025-10-22,push,0
M00559,2026-05-05,in_app,0
M00559,2025-11-09,email,0
M00560,2025-09-12,push,0
M00560,2026-02-02,push,1
M00560,2026-01-24,email,0
M00560,2025-11-02,in_app,0
M00560,2025-12-24,in_app,1
M00560,2026-06-10,push,0
M00560,2026-05-27,email,0
M00560,2026-03-20,email,1
M00560,2026-05-15,email,0
M00560,2026-02-18,push,0
M00561,2026-05-08,push,0
M00561,2026-05-11,in_app,1
M00561,2025-08-01,email,0
M00561,2025-09-05,email,1
M00561,2026-02-01,push,0
M00561,2026-05-18,email,0
M00561,2026-02-19,in_app,1
M00561,2026-02-21,email,0
M00561,2025-08-23,in_app,0
M00562,2025-08-09,push,0
M00562,2026-05-16,in_app,0
M00562,2026-01-24,push,1
M00562,2026-07-18,push,0
M00562,2026-01-04,email,0
M00562,2025-09-18,push,0
M00562,2026-06-12,email,1
M00562,2025-12-19,email,0
M00562,2025-11-16,in_app,0
M00562,2026-07-11,email,1
M00562,2025-09-22,email,1
M00562,2025-09-09,email,0
M00562,2025-10-05,push,0
M00563,2026-04-24,push,0
M00563,2025-09-16,push,0
M00563,2025-07-29,email,0
M00563,2026-02-09,push,1
M00563,2025-09-20,in_app,1
M00563,2025-09-18,push,0
M00563,2025-12-02,in_app,0
M00563,2025-12-14,email,0
M00563,2026-07-12,email,1
M00563,2026-03-05,email,0
M00563,2026-06-27,in_app,1
M00563,2026-07-20,email,1
M00564,2025-09-05,push,1
M00564,2025-08-25,in_app,1
M00564,2025-08-07,in_app,0
M00564,2025-12-31,push,0
M00564,2026-04-06,in_app,0
M00564,2026-01-15,push,1
M00564,2026-01-22,email,0
M00564,2026-05-15,email,1
M00565,2026-07-11,push,0
M00565,2026-07-04,push,1
M00565,2025-12-29,email,0
M00565,2025-08-24,email,1
M00565,2025-09-28,email,0
M00565,2026-04-03,in_app,0
M00565,2026-05-15,email,0
M00565,2025-08-28,push,0
M00565,2026-07-07,push,0
M00566,2026-01-12,in_app,0
M00566,2025-12-28,push,0
M00566,2025-11-03,in_app,0
M00566,2025-12-08,in_app,1
M00566,2025-10-26,email,0
M00566,2026-01-22,push,0
M00566,2025-12-24,in_app,1
M00566,2025-11-05,in_app,1
M00566,2026-05-13,push,1
M00566,2025-09-14,email,0
M00566,2026-07-18,in_app,0
M00566,2025-09-05,push,0
M00566,2026-01-03,email,0
M00566,2026-03-21,email,1
M00567,2025-10-01,email,1
M00567,2026-04-09,in_app,1
M00567,2025-12-20,push,0
M00567,2026-05-07,in_app,1
M00567,2026-05-10,push,1
M00567,2026-04-16,push,1
M00567,2026-01-17,in_app,1
M00567,2026-03-05,in_app,0
M00568,2026-05-14,in_app,0
M00568,2026-05-23,in_app,1
M00568,2026-07-03,email,0
M00568,2026-03-18,in_app,0
M00568,2025-09-12,push,0
M00568,2026-06-29,in_app,1
M00569,2025-11-22,email,0
M00569,2026-06-22,email,1
M00569,2026-03-20,email,0
M00569,2025-12-02,in_app,0
M00569,2026-03-05,push,1
M00569,2026-06-10,email,0
M00570,2026-04-07,push,1
M00570,2025-07-26,email,0
M00570,2026-07-19,in_app,1
M00570,2025-08-30,push,1
M00570,2026-03-29,push,1
M00570,2025-11-23,push,1
M00570,2026-02-03,in_app,0
M00570,2026-03-31,email,0
M00570,2026-05-12,email,0
M00570,2025-09-13,in_app,1
M00570,2026-01-02,email,1
M00570,2026-07-20,push,1
M00570,2026-02-07,push,1
M00571,2026-07-07,in_app,0
M00571,2025-11-14,push,0
M00571,2026-06-29,push,0
M00571,2025-11-28,email,1
M00571,2026-04-26,email,1
M00571,2026-05-20,push,0
M00571,2026-04-09,in_app,1
M00571,2026-01-31,push,0
M00572,2026-03-01,email,0
M00572,2026-06-09,email,0
M00572,2026-02-01,push,0
M00572,2025-12-31,email,0
M00572,2026-04-24,email,0
M00572,2025-09-25,in_app,0
M00573,2025-09-28,email,1
M00573,2026-07-23,push,0
M00573,2025-11-26,in_app,1
M00573,2025-08-19,in_app,1
M00573,2025-10-14,email,1
M00574,2025-12-17,push,1
M00574,2026-02-22,push,0
M00574,2026-05-30,email,1
M00574,2026-04-22,push,1
M00574,2026-05-23,email,1
M00574,2026-03-22,email,0
M00575,2026-03-17,in_app,1
M00575,2026-05-03,email,0
M00575,2026-01-21,email,1
M00575,2025-12-21,push,0
M00575,2026-05-13,email,0
M00575,2026-06-01,email,0
M00575,2026-03-13,in_app,0
M00576,2025-12-01,email,1
M00576,2025-08-09,in_app,1
M00576,2026-02-21,in_app,1
M00576,2025-09-22,push,1
M00576,2026-03-15,push,0
M00576,2026-02-28,in_app,0
M00576,2025-08-06,push,0
M00576,2025-09-06,email,0
M00577,2026-04-14,push,0
M00577,2025-12-21,push,1
M00577,2026-01-20,email,1
M00577,2025-09-29,in_app,1
M00577,2026-07-18,in_app,1
M00577,2025-12-26,push,0
M00577,2025-08-28,push,0
M00577,2025-09-30,email,0
M00577,2026-01-12,in_app,0
M00578,2026-02-17,in_app,1
M00578,2026-04-15,in_app,1
M00578,2026-06-13,push,1
M00578,2025-12-16,email,0
M00578,2025-10-03,push,1
M00578,2026-01-03,in_app,0
M00578,2026-06-30,email,1
M00578,2026-01-27,email,0
M00579,2025-12-22,in_app,0
M00579,2025-11-24,email,0
M00579,2025-11-02,email,0
M00579,2026-03-16,push,1
M00579,2026-04-12,email,1
M00579,2026-06-27,in_app,0
M00579,2025-10-29,push,0
M00580,2026-01-07,email,1
M00580,2026-01-21,email,0
M00580,2025-12-06,push,0
M00580,2026-03-26,email,0
M00581,2026-06-25,email,0
M00581,2026-05-27,in_app,1
M00581,2026-07-02,in_app,1
M00581,2026-04-27,push,0
M00581,2026-01-22,push,0
M00581,2025-09-14,push,0
M00581,2025-08-08,email,0
M00581,2025-11-13,push,0
M00581,2026-03-22,in_app,1
M00581,2025-11-30,push,0
M00581,2025-08-15,in_app,0
M00582,2026-04-14,in_app,1
M00582,2025-10-16,push,1
M00582,2026-05-16,email,0
M00582,2026-02-27,in_app,0
M00582,2025-10-16,email,1
M00583,2026-04-23,push,0
M00583,2025-11-29,in_app,1
M00583,2026-04-29,push,0
M00583,2026-07-04,email,1
M00583,2026-06-20,email,1
M00583,2025-10-08,push,1
M00583,2026-06-09,in_app,0
M00583,2026-04-02,in_app,0
M00583,2026-02-19,in_app,0
M00584,2025-11-03,email,0
M00584,2026-03-13,email,0
M00584,2025-10-01,email,0
M00584,2026-02-11,push,1
M00585,2026-06-22,push,0
M00585,2025-10-05,in_app,1
M00585,2026-03-15,push,0
M00585,2026-01-24,push,0
M00585,2025-10-23,in_app,0
M00585,2025-09-05,push,0
M00585,2026-05-25,email,1
M00585,2025-11-11,in_app,0
M00585,2025-11-27,in_app,0
M00586,2025-09-06,email,0
M00586,2026-06-27,in_app,1
M00586,2025-08-30,push,0
M00586,2026-02-24,in_app,0
M00586,2025-11-03,push,0
M00586,2026-01-15,email,0
M00586,2026-05-02,push,1
M00587,2026-04-20,email,0
M00587,2026-05-18,push,0
M00587,2026-02-28,push,1
M00587,2026-03-21,push,0
M00587,2026-06-28,push,0
M00587,2025-12-30,push,0
M00587,2026-06-25,in_app,0
M00587,2026-01-31,in_app,1
M00587,2026-07-13,in_app,0
M00588,2026-07-16,email,1
M00588,2025-08-27,push,1
M00588,2025-08-11,push,0
M00588,2025-10-22,email,0
M00588,2026-05-19,push,0
M00588,2026-06-08,email,0
M00588,2026-05-14,in_app,0
M00588,2026-04-28,in_app,0
M00588,2025-12-03,email,0
M00588,2025-10-05,push,0
M00589,2025-11-01,push,1
M00589,2025-12-29,email,1
M00589,2026-04-01,in_app,1
M00589,2026-05-27,email,0
M00589,2026-05-28,in_app,1
M00589,2025-10-08,email,0
M00589,2026-01-17,push,1
M00589,2025-08-01,push,1
M00589,2026-04-03,email,1
M00590,2025-08-29,in_app,1
M00591,2025-09-07,email,0
M00591,2026-03-30,email,0
M00591,2025-10-23,email,1
M00591,2026-06-09,email,0
M00591,2025-12-16,push,1
M00591,2025-12-11,email,0
M00591,2026-06-29,email,0
M00591,2025-12-10,email,0
M00592,2025-11-15,in_app,1
M00592,2026-02-17,push,0
M00592,2026-05-19,push,0
M00593,2026-03-03,in_app,1
M00593,2026-05-21,in_app,1
M00593,2026-05-04,push,0
M00593,2026-07-14,push,0
M00593,2025-12-31,in_app,0
M00593,2026-02-20,in_app,1
M00593,2025-11-30,email,0
M00593,2025-11-19,in_app,1
M00593,2026-01-20,email,0
M00593,2026-06-25,in_app,0
M00593,2026-05-16,push,0
M00594,2026-01-30,push,1
M00594,2025-12-06,push,0
M00594,2025-12-17,in_app,0
M00594,2026-06-03,push,0
M00594,2026-02-14,in_app,0
M00594,2026-06-22,push,1
M00594,2025-11-18,in_app,0
M00594,2026-07-12,in_app,1
M00594,2026-04-29,email,0
M00594,2025-09-19,in_app,1
M00594,2026-02-22,in_app,1
M00594,2025-08-22,in_app,1
M00594,2025-12-30,push,0
M00595,2025-08-11,email,1
M00595,2026-05-18,in_app,1
M00595,2026-03-28,push,1
M00595,2026-04-04,push,0
M00595,2025-09-29,email,0
M00595,2026-02-25,in_app,0
M00595,2026-03-09,in_app,1
M00595,2025-11-11,in_app,1
M00595,2026-04-25,push,0
M00595,2026-03-17,email,1
M00595,2025-08-29,push,1
M00595,2026-05-08,push,0
M00596,2025-10-27,push,0
M00596,2026-04-03,push,0
M00596,2026-04-12,in_app,0
M00596,2025-09-20,in_app,1
M00596,2026-02-18,push,0
M00596,2026-01-29,in_app,0
M00596,2025-12-24,in_app,0
M00596,2025-09-30,email,0
M00596,2025-11-01,push,0
M00596,2026-01-12,in_app,0
M00596,2026-05-03,email,0
M00596,2026-01-25,in_app,0
M00597,2025-12-27,in_app,0
M00597,2026-07-21,in_app,1
M00597,2026-02-06,email,0
M00597,2025-10-23,push,0
M00597,2025-08-06,in_app,0
M00597,2025-10-21,push,0
M00597,2026-01-29,push,1
M00597,2026-07-01,in_app,0
M00597,2026-04-24,email,0
M00597,2025-09-20,in_app,0
M00597,2026-01-19,email,0
M00597,2025-09-27,push,0
M00597,2025-11-19,in_app,0
M00597,2025-09-05,in_app,1
M00598,2025-12-21,push,0
M00598,2026-06-28,email,1
M00598,2026-07-23,email,0
M00598,2025-12-06,push,1
M00598,2025-11-19,email,0
M00598,2025-08-23,push,1
M00598,2025-10-18,push,1
M00599,2026-05-13,push,1
M00599,2025-11-10,in_app,1
M00599,2026-05-13,email,0
M00599,2025-11-21,in_app,0
M00599,2026-04-21,email,0
M00599,2025-12-22,email,0
M00600,2026-06-30,email,0
M00600,2026-07-02,in_app,0
M00600,2026-06-16,push,0
M00600,2026-01-08,email,0
M00600,2025-08-25,email,0
M00600,2026-05-16,email,0
M00600,2026-02-13,email,0
M00600,2026-05-30,push,0
M00600,2025-08-29,email,0
M00600,2025-12-11,in_app,0
M00600,2026-07-04,in_app,0
M00600,2026-06-19,in_app,0
M00600,2025-12-21,in_app,1
M00600,2026-02-08,push,0
M00600,2026-07-17,email,1
M00600,2026-06-03,email,0
M00601,2025-09-01,in_app,1
M00601,2026-01-07,push,0
M00601,2026-01-09,email,1
M00601,2026-01-23,email,0
M00602,2026-05-27,email,0
M00602,2026-06-27,push,0
M00602,2026-05-09,email,0
M00602,2026-05-04,email,1
M00602,2026-02-21,in_app,0
M00602,2025-08-18,email,0
M00602,2025-09-12,in_app,0
M00602,2026-06-03,email,0
M00603,2025-11-27,push,0
M00603,2025-11-01,email,1
M00603,2025-08-18,email,0
M00603,2026-06-20,push,0
M00603,2026-03-29,in_app,1
M00603,2026-04-01,email,1
M00603,2026-05-28,push,1
M00603,2025-12-17,in_app,0
M00603,2026-02-17,push,0
M00603,2026-07-15,in_app,1
M00604,2026-01-18,email,1
M00604,2026-01-22,email,1
M00604,2026-05-03,in_app,0
M00604,2026-01-15,email,0
M00604,2026-07-23,push,0
M00604,2025-08-31,email,1
M00604,2026-05-06,in_app,0
M00604,2025-07-31,email,1
M00604,2026-02-23,in_app,1
M00604,2026-04-08,in_app,1
M00604,2026-05-16,push,0
M00605,2025-08-18,email,1
M00605,2025-10-03,push,0
M00605,2026-03-06,push,0
M00605,2025-11-11,push,0
M00605,2025-08-13,push,1
M00605,2026-07-20,push,0
M00605,2026-02-18,push,1
M00605,2026-04-22,in_app,0
M00605,2025-12-02,email,0
M00605,2025-08-09,push,0
M00605,2026-02-27,email,0
M00606,2025-10-15,in_app,1
M00606,2026-01-30,push,0
M00606,2026-07-01,push,1
M00606,2025-09-13,push,0
M00606,2025-08-06,email,0
M00606,2026-07-11,in_app,1
M00606,2026-05-22,push,0
M00606,2026-04-01,in_app,1
M00606,2026-04-19,email,0
M00606,2025-09-20,in_app,0
M00606,2026-03-02,in_app,0
M00606,2026-04-23,in_app,1
M00607,2026-06-09,email,0
M00607,2026-01-09,email,0
M00607,2026-03-19,email,0
M00607,2025-12-25,email,1
M00607,2025-08-25,push,1
M00607,2026-03-21,push,0
M00607,2025-09-05,email,1
M00607,2025-10-20,email,0
M00608,2026-02-22,push,0
M00608,2026-02-19,in_app,1
M00608,2025-12-02,in_app,1
M00608,2025-09-03,in_app,1
M00608,2025-07-24,in_app,0
M00608,2026-02-06,in_app,0
M00608,2026-05-12,push,0
M00608,2026-01-09,in_app,1
M00608,2025-12-11,in_app,0
M00608,2026-03-30,in_app,0
M00609,2026-05-21,email,1
M00609,2025-12-12,email,0
M00609,2025-10-12,push,0
M00609,2026-04-29,email,0
M00609,2026-05-12,email,1
M00609,2026-02-22,push,0
M00609,2025-08-27,in_app,0
M00609,2026-06-14,in_app,1
M00609,2026-05-16,email,0
M00609,2026-07-13,push,0
M00609,2026-04-04,push,0
M00609,2026-02-19,email,0
M00610,2025-09-13,in_app,0
M00610,2026-06-27,email,1
M00610,2025-09-06,email,0
M00610,2025-12-04,email,0
M00610,2026-07-08,in_app,0
M00610,2025-12-25,in_app,0
M00611,2026-02-19,email,1
M00611,2025-10-19,push,0
M00611,2025-08-29,in_app,0
M00611,2025-11-19,email,1
M00611,2026-03-26,in_app,1
M00611,2026-06-07,push,0
M00611,2025-09-09,push,1
M00611,2026-06-13,push,0
M00611,2026-06-09,in_app,0
M00611,2026-06-19,in_app,1
M00611,2025-10-25,email,0
M00611,2026-04-14,push,1
M00612,2025-11-06,email,1
M00612,2026-01-18,email,0
M00612,2025-11-13,email,1
M00612,2026-07-21,push,0
M00612,2026-07-16,email,1
M00612,2025-07-31,email,0
M00612,2026-04-02,in_app,1
M00613,2025-08-07,in_app,1
M00613,2025-09-24,email,1
M00613,2026-06-14,email,1
M00613,2025-11-15,in_app,0
M00613,2025-09-01,email,0
M00613,2026-02-04,email,0
M00613,2026-06-24,push,0
M00613,2026-06-11,push,0
M00613,2025-09-11,in_app,1
M00613,2026-03-06,in_app,0
M00613,2026-01-18,push,1
M00614,2025-12-29,push,0
M00614,2026-03-02,push,0
M00614,2026-02-26,push,0
M00614,2026-06-01,push,1
M00614,2026-06-17,in_app,0
M00614,2026-04-16,in_app,1
M00614,2025-09-28,email,1
M00614,2025-12-12,in_app,0
M00614,2026-01-07,push,0
M00615,2025-11-10,email,0
M00615,2026-03-14,in_app,1
M00615,2025-12-16,push,1
M00615,2026-07-02,email,1
M00615,2026-03-27,email,0
M00615,2025-09-25,in_app,1
M00615,2025-09-07,email,0
M00615,2026-06-09,in_app,0
M00615,2026-04-15,email,1
M00615,2025-09-25,push,1
M00615,2025-11-14,push,0
M00615,2026-06-28,email,0
M00615,2026-04-16,email,1
M00615,2025-08-18,push,0
M00616,2026-02-24,in_app,0
M00616,2026-04-09,in_app,0
M00616,2025-09-30,email,0
M00616,2026-06-26,push,0
M00616,2026-05-22,email,1
M00616,2026-07-16,email,0
M00616,2026-01-27,push,0
M00616,2026-07-17,in_app,0
M00617,2025-12-30,push,1
M00617,2026-06-05,email,0
M00617,2026-03-26,push,0
M00617,2026-02-01,email,0
M00617,2026-01-09,email,0
M00617,2026-07-07,in_app,0
M00617,2026-06-29,push,0
M00617,2025-11-30,in_app,1
M00617,2025-09-10,email,1
M00617,2026-02-18,push,1
M00617,2025-08-31,email,1
M00617,2026-01-08,email,0
M00618,2025-09-29,email,1
M00618,2025-10-27,email,0
M00618,2026-03-21,push,0
M00618,2025-11-11,email,1
M00618,2025-11-03,email,0
M00618,2026-01-27,in_app,1
M00618,2026-07-13,push,0
M00618,2025-12-18,email,0
M00618,2025-10-12,push,0
M00618,2026-01-02,email,1
M00618,2025-12-29,in_app,0
M00619,2025-11-28,email,1
M00619,2026-04-12,push,1
M00619,2025-12-03,push,1
M00620,2026-04-17,push,0
M00620,2026-02-19,in_app,0
M00620,2026-01-29,email,1
M00620,2025-12-24,email,1
M00620,2026-02-05,email,0
M00620,2026-05-08,in_app,1
M00620,2026-04-24,email,1
M00620,2025-08-25,email,1
M00620,2025-11-22,email,0
M00621,2025-10-28,push,0
M00621,2025-12-14,email,0
M00621,2025-09-18,in_app,1
M00621,2026-03-27,in_app,1
M00621,2026-05-15,email,0
M00621,2025-07-25,email,0
M00622,2025-08-30,in_app,0
M00622,2025-12-06,in_app,0
M00622,2025-12-01,push,0
M00622,2025-12-07,in_app,0
M00622,2025-07-30,in_app,0
M00622,2025-10-18,in_app,1
M00622,2025-11-09,in_app,1
M00622,2025-12-12,push,0
M00623,2025-12-13,in_app,1
M00623,2025-11-10,in_app,0
M00623,2025-11-01,in_app,0
M00623,2025-10-10,in_app,0
M00623,2026-04-07,push,0
M00623,2025-12-06,in_app,1
M00623,2026-01-02,push,0
M00623,2025-10-27,push,1
M00623,2025-08-10,push,0
M00623,2025-08-16,email,1
M00623,2025-11-06,push,1
M00624,2025-11-05,in_app,0
M00624,2026-04-28,email,1
M00624,2026-03-30,email,0
M00624,2026-06-12,in_app,0
M00624,2026-02-07,email,1
M00624,2026-03-17,push,0
M00625,2026-04-25,push,1
M00625,2026-02-17,in_app,1
M00625,2026-03-03,email,0
M00625,2025-09-03,push,0
M00625,2026-01-07,email,0
M00625,2026-06-05,in_app,1
M00625,2026-01-10,push,0
M00626,2025-12-10,email,0
M00626,2026-01-25,email,0
M00626,2025-09-18,in_app,1
M00626,2025-08-02,email,1
M00626,2025-12-02,email,1
M00627,2026-03-24,email,1
M00627,2026-03-14,email,0
M00627,2026-03-08,push,0
M00627,2025-09-27,in_app,1
M00627,2026-05-16,email,0
M00627,2025-10-06,push,0
M00627,2025-12-23,push,0
M00628,2025-12-14,in_app,0
M00628,2026-05-06,push,0
M00628,2025-10-03,email,0
M00628,2026-06-16,push,1
M00628,2026-04-02,push,0
M00629,2026-01-26,in_app,0
M00629,2025-08-15,in_app,0
M00629,2025-09-16,in_app,0
M00629,2026-03-15,email,1
M00629,2026-01-15,in_app,0
M00629,2026-03-11,email,0
M00629,2026-05-08,push,1
M00629,2025-09-16,email,0
M00629,2025-10-08,email,0
M00630,2025-12-15,in_app,0
M00630,2026-01-06,in_app,0
M00630,2026-01-14,push,1
M00630,2025-10-08,in_app,0
M00630,2025-09-03,in_app,0
M00630,2026-04-19,push,0
M00630,2025-10-14,push,0
M00630,2025-11-29,email,0
M00630,2026-04-18,email,1
M00630,2025-12-16,in_app,0
M00631,2025-10-08,in_app,0
M00631,2026-05-21,in_app,0
M00631,2025-08-11,push,0
M00631,2026-01-22,push,0
M00631,2026-04-16,email,0
M00631,2025-09-28,email,0
M00631,2026-03-30,push,1
M00632,2026-03-17,in_app,1
M00632,2025-08-02,in_app,0
M00632,2026-06-21,push,0
M00632,2025-08-02,in_app,1
M00632,2026-07-15,in_app,0
M00632,2025-09-01,email,0
M00632,2026-01-28,in_app,0
M00632,2025-11-29,in_app,1
M00632,2025-12-30,in_app,0
M00632,2026-04-06,push,0
M00632,2025-11-30,push,0
M00633,2026-06-01,push,0
M00633,2025-09-30,in_app,0
M00633,2025-11-13,email,0
M00633,2026-05-19,email,0
M00633,2025-10-17,email,0
M00633,2026-06-29,push,0
M00633,2025-12-19,push,0
M00633,2025-09-02,push,0
M00633,2025-11-30,push,0
M00633,2026-03-16,push,0
M00633,2025-09-05,push,0
M00634,2026-03-13,in_app,1
M00634,2025-09-19,email,1
M00634,2026-03-27,push,1
M00634,2025-08-03,email,0
M00634,2025-11-19,push,1
M00634,2026-03-20,in_app,0
M00634,2025-09-04,push,0
M00634,2025-11-21,email,0
M00634,2026-03-09,in_app,1
M00634,2026-03-04,in_app,1
M00635,2025-12-01,email,0
M00635,2026-03-21,email,0
M00635,2025-10-26,email,0
M00635,2026-04-10,push,0
M00635,2025-09-11,push,0
M00635,2026-07-18,in_app,0
M00635,2025-11-29,in_app,0
M00636,2026-02-23,in_app,0
M00636,2025-10-22,email,0
M00636,2026-07-07,push,1
M00636,2026-02-16,push,0
M00636,2025-08-08,email,1
M00636,2026-05-03,in_app,0
M00636,2026-04-11,email,1
M00636,2025-10-28,push,1
M00636,2026-02-03,email,0
M00636,2026-02-16,email,0
M00637,2026-01-20,push,0
M00637,2026-06-07,in_app,0
M00637,2026-05-17,in_app,0
M00637,2025-09-14,push,0
M00638,2025-09-11,in_app,1
M00638,2025-11-17,email,1
M00638,2025-09-03,email,1
M00638,2025-11-10,in_app,1
M00638,2026-02-16,in_app,1
M00639,2026-07-08,in_app,0
M00639,2025-10-13,in_app,1
M00639,2025-08-23,email,1
M00639,2026-05-20,in_app,0
M00639,2025-11-18,push,0
M00639,2026-01-19,in_app,1
M00639,2026-06-15,push,0
M00639,2025-11-21,push,1
M00639,2025-11-21,email,1
M00639,2025-12-03,push,0
M00639,2026-02-26,push,1
M00639,2025-11-07,in_app,1
M00639,2026-06-17,push,0
M00639,2025-10-14,in_app,1
M00639,2025-10-05,email,0
M00640,2026-05-31,push,0
M00640,2026-07-21,in_app,0
M00640,2026-02-07,push,1
M00640,2026-04-30,email,0
M00640,2025-08-12,push,0
M00640,2025-09-15,email,1
M00640,2025-07-26,push,0
M00640,2025-11-04,in_app,0
M00641,2026-06-24,in_app,0
M00641,2025-11-14,in_app,0
M00641,2025-11-08,email,0
M00641,2026-01-30,push,0
M00641,2025-12-02,email,1
M00641,2025-08-26,in_app,0
M00641,2026-04-07,in_app,1
M00641,2026-02-15,email,0
M00641,2025-10-31,email,1
M00642,2025-12-08,email,0
M00642,2026-03-12,in_app,0
M00642,2026-06-02,push,0
M00642,2026-07-07,in_app,0
M00642,2026-03-28,push,0
M00642,2026-04-20,in_app,0
M00642,2025-10-04,in_app,0
M00643,2026-03-13,email,0
M00643,2026-02-17,in_app,1
M00643,2026-05-09,email,0
M00643,2026-01-23,in_app,1
M00644,2026-04-08,email,0
M00644,2026-01-22,email,0
M00644,2026-04-04,push,1
M00644,2026-07-16,in_app,0
M00644,2026-01-03,push,0
M00644,2026-03-23,email,0
M00644,2026-03-30,in_app,1
M00644,2026-01-07,push,0
M00644,2026-05-29,email,1
M00644,2025-12-23,push,0
M00645,2026-01-29,email,1
M00645,2026-03-10,email,0
M00645,2025-12-02,push,1
M00645,2026-04-12,push,0
M00646,2026-07-17,push,1
M00646,2026-05-15,push,1
M00646,2026-02-18,push,0
M00646,2026-03-24,in_app,1
M00646,2026-02-12,in_app,0
M00646,2025-10-12,push,0
M00646,2025-12-26,push,0
M00646,2026-05-09,push,0
M00646,2026-06-28,push,0
M00647,2026-01-02,push,0
M00647,2026-06-29,push,0
M00647,2025-12-01,email,0
M00647,2025-08-10,in_app,1
M00647,2025-08-07,in_app,1
M00647,2025-08-24,push,1
M00648,2025-11-25,push,1
M00648,2025-10-01,push,1
M00648,2026-05-19,push,1
M00648,2026-01-24,in_app,0
M00648,2026-06-12,email,0
M00649,2026-01-16,email,0
M00649,2025-12-24,in_app,1
M00649,2026-03-05,push,0
M00650,2026-04-01,push,1
M00650,2025-10-14,push,0
M00650,2025-09-01,in_app,0
M00650,2026-05-18,in_app,0
M00650,2025-11-05,push,0
M00650,2026-03-16,email,0
M00650,2026-03-11,push,0
M00650,2026-03-21,in_app,0
M00651,2026-02-24,email,1
M00651,2025-09-19,push,0
M00651,2026-03-14,in_app,1
M00651,2025-12-29,in_app,0
M00651,2025-12-20,email,0
M00651,2025-12-14,email,1
M00651,2026-01-16,push,1
M00651,2025-08-12,email,0
M00651,2025-12-09,push,0
M00651,2026-05-04,email,1
M00652,2025-10-31,in_app,0
M00652,2026-04-10,in_app,0
M00652,2026-06-03,push,1
M00652,2025-08-29,email,0
M00652,2026-01-08,push,0
M00652,2025-09-07,email,0
M00652,2026-03-18,email,0
M00652,2025-11-24,push,1
M00652,2026-05-15,email,0
M00652,2025-08-09,in_app,0
M00652,2025-10-29,in_app,0
M00653,2026-04-05,in_app,1
M00653,2025-11-07,push,1
M00653,2026-01-12,push,0
M00653,2025-08-26,push,1
M00653,2026-06-17,push,1
M00653,2026-04-14,email,0
M00653,2026-02-24,in_app,1
M00653,2025-10-07,email,1
M00653,2025-11-03,push,1
M00653,2026-04-20,push,0
M00653,2026-07-20,in_app,0
M00653,2025-12-10,email,1
M00654,2025-10-22,email,0
M00654,2025-09-10,in_app,0
M00654,2026-01-02,push,0
M00654,2025-07-24,email,1
M00654,2026-03-06,in_app,0
M00654,2026-05-23,in_app,0
M00654,2026-04-15,push,1
M00654,2026-06-06,email,0
M00654,2026-05-17,push,1
M00654,2026-03-12,in_app,1
M00654,2026-04-01,push,0
M00654,2026-06-16,in_app,1
M00655,2026-04-24,push,0
M00655,2026-06-07,in_app,0
M00655,2026-06-28,in_app,0
M00655,2025-12-04,email,1
M00655,2025-08-26,email,0
M00655,2025-12-06,in_app,0
M00656,2026-02-14,in_app,1
M00656,2025-11-19,push,1
M00656,2025-09-22,push,0
M00656,2026-03-27,in_app,1
M00656,2025-07-24,email,1
M00656,2025-12-20,in_app,1
M00656,2025-10-12,push,0
M00656,2026-04-26,email,0
M00656,2025-11-24,in_app,1
M00656,2025-09-20,in_app,0
M00656,2026-05-06,push,0
M00656,2025-09-08,in_app,0
M00656,2026-06-13,in_app,0
M00656,2026-06-28,email,0
M00656,2026-01-06,email,0
M00656,2026-01-31,email,0
M00657,2025-11-07,push,0
M00657,2025-09-15,push,0
M00657,2025-11-02,in_app,1
M00657,2025-10-16,push,0
M00657,2026-01-09,push,0
M00657,2026-02-24,in_app,1
M00657,2026-03-29,email,1
M00657,2026-06-10,in_app,1
M00657,2026-07-06,in_app,0
M00657,2025-09-05,email,0
M00658,2026-02-10,email,1
M00658,2025-10-01,push,0
M00658,2025-08-16,in_app,0
M00658,2026-01-05,in_app,0
M00658,2026-03-31,push,0
M00658,2025-08-18,push,0
M00658,2026-04-01,push,1
M00658,2025-10-03,push,0
M00658,2026-06-22,in_app,0
M00659,2026-06-12,in_app,0
M00659,2025-11-25,email,0
M00659,2025-08-15,email,0
M00659,2026-04-11,in_app,0
M00659,2025-09-30,in_app,0
M00659,2026-03-27,in_app,1
M00659,2026-04-25,email,0
M00659,2026-06-21,push,0
M00659,2025-11-11,in_app,0
M00659,2025-09-02,email,1
M00659,2025-08-21,email,0
M00659,2025-09-25,in_app,1
M00660,2025-11-03,email,0
M00660,2025-09-03,push,1
M00660,2026-04-19,push,1
M00660,2026-04-24,in_app,1
M00660,2026-01-12,email,1
M00660,2026-06-11,push,1
M00660,2025-12-27,push,1
M00660,2025-10-19,in_app,1
M00661,2025-10-29,push,0
M00661,2025-11-22,email,0
M00661,2025-12-01,in_app,1
M00661,2025-10-20,in_app,0
M00661,2025-12-17,push,0
M00661,2026-01-13,in_app,0
M00661,2026-03-14,push,0
M00661,2026-02-13,email,0
M00662,2026-02-13,push,0
M00662,2025-12-03,email,1
M00662,2025-11-05,in_app,0
M00662,2025-09-17,in_app,1
M00662,2025-09-25,in_app,0
M00663,2025-09-02,in_app,1
M00663,2026-01-08,push,0
M00663,2025-11-05,in_app,0
M00663,2025-08-31,email,0
M00663,2026-03-08,push,1
M00663,2025-08-17,email,0
M00663,2026-06-13,in_app,0
M00663,2026-03-11,email,1
M00663,2025-11-18,email,0
M00663,2025-11-30,in_app,0
M00663,2025-12-24,email,0
M00664,2026-06-18,push,0
M00664,2026-01-18,email,0
M00664,2026-01-03,email,0
M00664,2025-08-15,email,0
M00664,2026-05-11,in_app,0
M00664,2025-11-21,push,0
M00665,2025-08-12,in_app,0
M00665,2025-11-10,email,1
M00665,2025-11-24,email,1
M00665,2026-03-11,push,1
M00665,2026-02-19,push,0
M00665,2026-03-23,in_app,0
M00665,2026-06-07,email,0
M00665,2026-05-22,push,0
M00665,2026-02-16,email,1
M00665,2025-08-03,email,1
M00665,2025-07-25,email,0
M00666,2026-06-22,push,0
M00666,2025-08-27,in_app,1
M00666,2026-04-18,in_app,1
M00666,2026-06-22,push,1
M00666,2026-04-08,email,1
M00666,2025-09-16,push,1
M00666,2025-12-18,email,1
M00666,2026-02-26,in_app,0
M00666,2026-06-16,in_app,1
M00666,2026-06-21,push,1
M00666,2026-07-06,push,1
M00666,2025-11-17,in_app,0
M00666,2025-08-13,email,1
M00667,2026-07-02,email,1
M00667,2026-06-24,in_app,1
M00667,2025-09-15,email,0
M00667,2026-04-19,in_app,1
M00667,2025-11-03,push,0
M00668,2025-12-21,push,0
M00668,2026-04-12,email,0
M00668,2026-06-23,in_app,0
M00668,2025-09-14,in_app,1
M00668,2025-11-28,push,0
M00668,2026-03-21,in_app,0
M00669,2025-09-30,email,1
M00669,2026-04-21,email,1
M00669,2026-07-01,in_app,1
M00669,2026-06-14,push,1
M00669,2025-12-17,push,1
M00669,2025-10-16,in_app,0
M00669,2025-10-04,in_app,1
M00669,2025-08-09,push,0
M00669,2025-08-04,push,0
M00670,2026-05-02,push,1
M00670,2025-11-24,email,1
M00670,2026-03-20,email,1
M00670,2026-04-23,in_app,0
M00670,2026-06-05,email,0
M00670,2025-07-28,in_app,1
M00670,2025-10-24,in_app,1
M00670,2026-03-12,email,0
M00671,2026-03-06,in_app,1
M00671,2026-07-20,email,0
M00671,2026-04-28,push,1
M00671,2026-01-13,email,1
M00671,2025-08-29,in_app,1
M00671,2026-05-27,in_app,1
M00671,2026-01-31,in_app,0
M00671,2025-08-21,push,0
M00672,2026-07-16,in_app,1
M00672,2026-01-10,email,0
M00672,2026-01-14,email,1
M00672,2025-08-31,push,0
M00672,2026-07-10,push,1
M00672,2026-06-22,email,1
M00672,2025-10-20,push,0
M00672,2026-04-20,email,1
M00672,2025-08-30,email,0
M00672,2026-02-25,push,0
M00672,2025-10-28,push,0
M00673,2025-11-28,email,0
M00673,2026-06-04,in_app,0
M00673,2025-10-09,in_app,1
M00674,2026-03-16,in_app,0
M00674,2026-01-12,email,1
M00674,2026-01-10,email,1
M00674,2026-04-03,push,1
M00674,2026-04-25,in_app,1
M00674,2025-08-27,email,1
M00674,2026-01-16,push,1
M00674,2026-03-01,email,1
M00674,2025-12-03,push,1
M00674,2026-02-27,email,1
M00674,2025-08-10,in_app,1
M00674,2025-11-11,email,0
M00674,2025-08-11,in_app,0
M00675,2026-01-11,email,1
M00675,2025-10-14,push,1
M00675,2025-12-21,email,0
M00675,2026-06-11,email,0
M00675,2026-06-21,email,0
M00675,2025-12-14,in_app,1
M00675,2026-01-30,email,0
M00675,2025-10-23,in_app,1
M00675,2025-09-24,push,0
M00675,2025-07-27,in_app,1
M00675,2026-03-02,push,0
M00676,2026-03-02,email,0
M00676,2025-10-13,email,0
M00676,2026-04-20,email,1
M00676,2026-07-02,email,1
M00676,2025-10-30,email,0
M00676,2026-05-11,email,0
M00676,2026-03-08,in_app,0
M00676,2026-01-18,push,0
M00677,2026-01-06,push,0
M00677,2025-11-07,email,1
M00677,2026-05-16,in_app,0
M00677,2025-08-21,email,1
M00677,2026-02-05,in_app,1
M00677,2026-06-16,push,1
M00677,2026-04-02,push,0
M00678,2026-02-11,in_app,0
M00678,2025-09-14,push,1
M00678,2026-01-05,email,0
M00678,2025-08-13,in_app,0
M00678,2026-05-15,push,0
M00678,2025-11-28,email,0
M00678,2026-07-08,in_app,1
M00679,2026-01-16,email,1
M00679,2026-06-24,push,0
M00679,2026-05-30,push,0
M00679,2026-07-17,push,0
M00679,2025-10-23,email,0
M00679,2026-03-03,email,1
M00679,2026-03-03,email,1
M00680,2025-09-22,email,0
M00680,2025-12-12,email,0
M00680,2025-11-20,in_app,0
M00680,2026-01-05,email,0
M00680,2025-07-24,push,0
M00680,2025-10-22,push,0
M00681,2025-10-26,email,0
M00681,2026-04-10,email,0
M00681,2026-04-05,email,0
M00681,2026-02-09,email,0
M00681,2026-04-10,push,0
M00682,2025-11-28,push,0
M00682,2025-09-15,email,0
M00682,2025-08-24,push,1
M00682,2025-10-20,push,1
M00682,2025-11-14,push,1
M00682,2026-02-25,push,0
M00682,2025-09-16,push,1
M00682,2025-12-07,in_app,1
M00682,2025-10-08,email,0
M00682,2025-10-17,push,0
M00682,2026-03-22,email,0
M00682,2026-04-28,in_app,1
M00683,2026-03-07,in_app,0
M00683,2025-11-24,push,0
M00683,2026-02-22,push,0
M00683,2025-12-05,email,0
M00683,2025-08-16,push,1
M00683,2026-01-16,email,1
M00683,2026-06-01,push,0
M00683,2026-07-16,in_app,0
M00683,2026-06-25,push,0
M00684,2026-03-16,email,0
M00684,2025-11-13,in_app,0
M00684,2025-08-25,email,1
M00684,2026-04-18,email,0
M00684,2026-06-17,in_app,0
M00684,2025-08-08,in_app,1
M00684,2025-08-20,push,1
M00684,2025-11-02,push,1
M00684,2026-03-06,push,1
M00684,2025-09-08,in_app,0
M00685,2026-06-29,in_app,1
M00685,2026-06-23,push,0
M00685,2025-12-13,push,0
M00685,2025-12-09,email,0
M00686,2025-08-06,email,1
M00686,2025-08-30,push,1
M00686,2025-09-30,email,0
M00686,2026-05-03,email,1
M00686,2026-06-28,push,1
M00686,2026-04-28,in_app,1
M00687,2025-08-14,push,0
M00687,2026-02-09,in_app,1
M00687,2026-05-11,in_app,0
M00687,2025-12-26,push,0
M00687,2025-08-07,in_app,1
M00687,2025-12-30,email,1
M00687,2025-09-12,in_app,0
M00687,2026-02-17,email,1
M00687,2026-02-08,in_app,0
M00687,2025-11-19,email,0
M00687,2026-07-01,push,0
M00687,2026-03-02,email,0
M00687,2026-01-14,email,1
M00688,2026-02-10,push,0
M00688,2026-02-20,push,1
M00688,2025-09-18,email,0
M00688,2026-02-05,in_app,0
M00688,2026-01-28,push,0
M00688,2026-04-11,email,0
M00688,2026-02-21,in_app,0
M00688,2026-06-05,email,1
M00688,2025-12-03,push,0
M00688,2025-10-08,push,0
M00689,2025-12-10,in_app,0
M00689,2025-08-13,email,0
M00689,2025-08-25,in_app,1
M00690,2026-02-03,email,0
M00690,2026-06-29,email,0
M00690,2026-07-21,in_app,0
M00690,2025-08-21,in_app,0
M00690,2025-08-03,in_app,0
M00690,2026-02-15,push,1
M00690,2026-03-10,push,0
M00690,2025-11-10,push,1
M00690,2025-10-13,in_app,1
M00690,2026-02-23,push,0
M00690,2025-08-31,email,1
M00691,2026-05-17,email,1
M00691,2026-03-02,in_app,1
M00691,2026-06-04,email,0
M00691,2026-04-25,push,1
M00691,2025-09-23,in_app,1
M00691,2026-05-15,email,1
M00691,2025-10-31,email,1
M00691,2026-04-12,push,0
M00691,2026-02-17,push,1
M00691,2026-05-24,email,1
M00691,2025-11-07,in_app,1
M00691,2026-05-08,in_app,0
M00691,2025-12-12,in_app,1
M00691,2026-03-26,email,1
M00691,2026-02-11,in_app,0
M00691,2025-11-03,push,1
M00691,2026-04-30,push,1
M00691,2025-09-12,in_app,0
M00692,2026-04-18,email,0
M00692,2026-01-28,in_app,1
M00692,2025-07-28,push,0
M00692,2026-05-29,push,1
M00692,2025-12-02,email,1
M00692,2026-06-27,push,1
M00693,2025-12-11,push,1
M00693,2026-07-04,email,0
M00693,2025-11-28,in_app,0
M00693,2026-02-02,email,0
M00693,2025-12-22,push,0
M00693,2026-04-05,in_app,1
M00693,2026-06-20,push,1
M00693,2026-01-10,push,0
M00693,2026-06-28,in_app,0
M00694,2025-12-03,push,0
M00694,2026-02-28,email,1
M00694,2026-03-12,email,0
M00694,2025-12-29,email,0
M00694,2025-11-25,in_app,0
M00694,2026-05-24,email,0
M00694,2026-06-07,email,0
M00694,2026-06-10,in_app,0
M00695,2026-05-27,in_app,0
M00695,2025-09-24,in_app,0
M00695,2025-12-06,in_app,0
M00695,2025-09-17,in_app,0
M00695,2026-05-29,push,0
M00695,2026-02-20,push,0
M00695,2025-11-05,push,0
M00695,2026-06-05,email,0
M00695,2025-12-01,in_app,1
M00696,2026-06-28,in_app,0
M00696,2026-05-05,push,0
M00696,2026-07-16,in_app,0
M00696,2026-04-12,push,0
M00696,2025-09-13,email,0
M00697,2026-04-19,in_app,0
M00697,2025-10-27,in_app,0
M00697,2025-12-25,email,0
M00697,2026-05-30,push,0
M00697,2026-02-03,email,0
M00697,2026-06-27,in_app,0
M00697,2026-01-11,email,0
M00697,2026-06-23,in_app,0
M00697,2025-10-26,push,0
M00697,2026-06-01,push,0
M00697,2026-07-12,email,0
M00698,2025-09-29,email,0
M00698,2025-09-26,push,0
M00698,2026-03-17,in_app,1
M00698,2025-09-09,in_app,1
M00698,2025-09-07,in_app,0
M00698,2026-04-27,email,0
M00698,2026-05-01,in_app,0
M00698,2026-01-13,push,1
M00698,2026-05-17,in_app,0
M00698,2025-10-03,in_app,1
M00698,2025-10-26,push,1
M00698,2025-08-19,in_app,1
M00698,2026-05-18,push,0
M00699,2026-03-04,in_app,1
M00699,2025-09-09,push,0
M00699,2025-10-08,email,0
M00699,2026-06-10,in_app,1
M00699,2026-02-25,push,0
M00699,2025-12-19,email,1
M00699,2025-08-19,email,1
M00699,2026-06-09,email,0
M00699,2026-03-09,in_app,1
M00700,2026-01-10,email,0
M00700,2025-10-30,push,0
M00700,2026-03-10,email,0
M00700,2026-05-04,in_app,1
M00700,2025-10-10,email,0
M00700,2026-01-31,in_app,1
M00700,2026-04-02,push,1
M00700,2026-05-01,push,1
M00700,2026-06-22,email,0
M00700,2026-06-19,in_app,0
M00701,2026-06-08,in_app,1
M00701,2026-04-21,push,1
M00701,2026-03-08,in_app,1
M00701,2025-09-30,email,0
M00701,2025-09-19,in_app,0
M00701,2026-04-27,in_app,0
M00701,2026-01-09,in_app,0
M00702,2026-02-16,in_app,0
M00702,2025-11-25,push,0
M00702,2025-09-05,in_app,0
M00702,2025-10-17,in_app,1
M00702,2026-03-14,in_app,0
M00702,2026-06-04,push,1
M00702,2025-09-10,push,1
M00702,2025-10-07,in_app,1
M00702,2025-11-20,push,1
M00702,2025-12-11,email,0
M00702,2026-07-07,push,0
M00702,2026-05-22,in_app,1
M00702,2025-08-20,push,0
M00702,2025-12-31,push,0
M00703,2026-03-13,email,1
M00703,2025-07-28,in_app,0
M00703,2026-06-10,push,0
M00703,2026-02-22,in_app,0
M00704,2026-03-06,email,1
M00704,2026-05-21,email,0
M00704,2025-08-09,push,1
M00704,2026-07-06,push,1
M00704,2026-02-01,push,1
M00704,2025-08-18,push,1
M00704,2026-05-17,in_app,1
M00704,2025-10-12,in_app,1
M00704,2026-03-11,push,1
M00705,2026-01-31,push,0
M00705,2026-01-02,email,1
M00705,2026-04-23,in_app,1
M00705,2025-11-04,in_app,0
M00705,2026-05-09,push,0
M00705,2026-02-12,email,0
M00705,2026-01-03,email,0
M00705,2026-03-12,email,1
M00705,2026-06-15,push,0
M00705,2025-10-01,in_app,1
M00706,2025-10-16,email,0
M00706,2025-11-15,in_app,1
M00706,2025-12-21,push,1
M00706,2025-12-26,push,0
M00706,2025-12-22,push,0
M00706,2025-10-05,push,1
M00706,2025-11-15,push,0
M00706,2026-03-06,in_app,1
M00706,2026-01-09,in_app,1
M00706,2026-01-25,in_app,0
M00707,2025-11-14,email,1
M00707,2025-10-02,push,1
M00707,2026-05-19,email,0
M00707,2026-03-11,push,1
M00707,2025-09-23,in_app,0
M00707,2026-03-25,email,0
M00707,2025-10-30,email,0
M00707,2026-01-28,push,0
M00708,2025-09-18,push,1
M00708,2026-07-06,email,0
M00708,2026-03-21,push,1
M00708,2026-02-19,in_app,1
M00708,2026-02-25,email,0
M00708,2025-09-30,push,1
M00708,2026-07-01,email,1
M00709,2026-03-28,email,0
M00709,2026-03-28,in_app,1
M00709,2026-02-02,email,1
M00709,2025-08-28,in_app,1
M00709,2026-04-26,email,1
M00709,2026-04-19,email,1
M00709,2025-10-23,email,1
M00709,2025-09-17,in_app,1
M00710,2026-03-04,push,1
M00710,2026-02-12,email,1
M00710,2025-12-21,push,1
M00710,2026-02-28,email,0
M00710,2026-05-29,push,1
M00710,2025-08-10,email,0
M00710,2025-10-13,push,0
M00710,2026-02-06,email,0
M00710,2025-08-23,in_app,0
M00710,2026-05-21,email,0
M00711,2026-03-22,email,0
M00711,2026-05-20,in_app,0
M00711,2026-04-04,email,0
M00711,2025-12-10,email,0
M00711,2026-07-02,in_app,1
M00711,2025-11-21,push,1
M00711,2025-07-30,in_app,0
M00711,2025-11-11,push,0
M00711,2025-11-10,email,0
M00711,2025-11-07,push,0
M00712,2026-04-13,in_app,0
M00712,2025-10-23,email,0
M00712,2026-07-01,push,0
M00712,2025-12-15,in_app,1
M00712,2026-05-04,in_app,0
M00712,2025-10-17,push,1
M00712,2025-11-14,in_app,0
M00713,2025-12-14,email,0
M00713,2026-03-04,email,0
M00713,2025-08-03,in_app,0
M00713,2026-04-18,email,0
M00713,2026-07-11,push,0
M00713,2026-01-14,in_app,1
M00713,2025-12-24,in_app,1
M00713,2026-03-14,email,0
M00713,2026-05-28,push,0
M00713,2025-12-16,in_app,0
M00713,2025-09-21,in_app,1
M00714,2026-07-12,in_app,0
M00714,2026-05-29,push,0
M00714,2026-02-06,push,0
M00714,2025-11-06,in_app,0
M00714,2025-12-11,email,1
M00714,2025-09-19,in_app,0
M00714,2025-11-20,push,0
M00714,2025-09-23,push,0
M00714,2026-03-23,push,0
M00714,2025-11-11,in_app,1
M00715,2026-05-23,email,0
M00715,2026-02-08,in_app,1
M00715,2026-05-05,email,1
M00715,2026-01-27,email,1
M00715,2025-09-23,in_app,0
M00715,2025-11-19,push,1
M00715,2025-11-04,in_app,1
M00715,2025-08-11,push,0
M00715,2025-12-09,email,0
M00715,2025-12-23,in_app,1
M00716,2025-12-12,push,1
M00716,2026-04-24,email,1
M00716,2026-04-14,push,1
M00716,2026-06-29,email,0
M00716,2025-11-09,push,1
M00716,2026-03-20,email,1
M00716,2026-07-05,email,1
M00716,2025-08-07,in_app,1
M00716,2026-04-13,in_app,0
M00716,2025-07-24,in_app,0
M00716,2026-05-20,in_app,0
M00716,2026-06-06,push,0
M00716,2026-02-24,push,0
M00716,2026-03-25,in_app,0
M00716,2026-03-03,in_app,0
M00716,2025-08-12,email,1
M00717,2026-01-01,in_app,0
M00717,2026-01-27,push,0
M00717,2026-05-04,in_app,1
M00717,2025-11-25,push,1
M00717,2026-04-25,push,0
M00718,2025-12-02,push,0
M00718,2025-12-25,email,0
M00718,2025-12-09,email,0
M00718,2026-05-30,email,0
M00718,2026-04-04,push,0
M00718,2026-04-25,in_app,0
M00718,2026-06-04,email,0
M00718,2026-02-15,push,0
M00719,2026-06-21,in_app,0
M00719,2025-09-02,push,1
M00719,2026-03-20,email,1
M00719,2025-10-05,push,0
M00719,2025-08-07,in_app,0
M00719,2025-11-02,in_app,0
M00719,2026-06-03,email,1
M00720,2026-05-31,push,0
M00720,2026-01-28,in_app,1
M00720,2025-09-17,email,0
M00720,2026-05-22,email,1
M00720,2025-10-06,email,1
M00720,2026-03-20,push,1
M00720,2025-11-28,email,1
M00720,2025-08-02,push,0
M00720,2026-07-08,email,1
M00721,2026-02-07,push,0
M00721,2025-08-03,push,0
M00721,2026-05-03,in_app,0
M00721,2025-09-16,email,0
M00721,2026-04-11,in_app,0
M00721,2025-12-16,push,1
M00721,2025-08-30,push,0
M00721,2025-07-28,push,0
M00721,2025-12-19,email,0
M00721,2026-07-12,push,0
M00721,2025-08-11,push,0
M00722,2026-04-09,email,0
M00722,2025-09-10,email,0
M00722,2026-04-21,in_app,0
M00722,2026-02-28,push,1
M00722,2026-06-10,in_app,0
M00722,2026-05-21,push,0
M00722,2025-07-30,email,0
M00723,2026-02-15,email,1
M00723,2026-03-24,push,0
M00723,2025-10-21,in_app,1
M00723,2025-11-03,push,1
M00724,2025-12-08,email,0
M00724,2026-03-02,in_app,1
M00724,2026-06-05,push,1
M00724,2026-03-07,in_app,0
M00724,2026-07-17,in_app,1
M00724,2026-07-15,email,0
M00724,2025-12-24,email,1
M00724,2026-01-24,in_app,0
M00724,2026-07-16,email,1
M00724,2026-05-29,in_app,0
M00724,2026-01-11,email,1
M00724,2025-09-08,in_app,0
M00724,2026-07-09,push,1
M00724,2026-05-08,push,0
M00724,2026-06-04,push,0
M00724,2026-02-08,push,1
M00724,2025-09-22,email,1
M00724,2025-11-25,email,0
M00725,2026-06-22,email,1
M00725,2025-10-19,in_app,0
M00725,2026-05-03,email,1
M00725,2026-01-06,email,0
M00725,2026-05-04,push,0
M00725,2026-01-03,email,0
M00725,2026-03-03,push,1
M00726,2026-03-01,email,1
M00726,2026-02-03,push,1
M00726,2026-06-23,in_app,1
M00726,2026-04-14,push,1
M00726,2025-07-24,push,1
M00726,2026-01-16,in_app,1
M00726,2026-06-06,email,0
M00726,2025-10-13,in_app,1
M00726,2026-01-16,push,0
M00726,2026-03-24,in_app,1
M00726,2026-06-11,push,1
M00726,2026-02-03,email,1
M00726,2025-11-04,push,1
M00727,2026-06-24,in_app,1
M00727,2025-12-03,email,0
M00727,2025-10-07,push,0
M00727,2026-01-25,email,0
M00727,2026-01-19,push,0
M00727,2025-10-08,in_app,1
M00727,2025-10-05,in_app,0
M00727,2026-01-09,in_app,1
M00728,2026-07-08,push,0
M00728,2026-05-02,push,1
M00728,2025-12-12,email,1
M00728,2025-08-31,email,0
M00728,2026-01-15,email,1
M00728,2026-02-10,in_app,0
M00728,2025-10-23,email,1
M00728,2025-12-03,email,0
M00728,2025-11-05,email,1
M00728,2025-10-04,email,0
M00729,2025-09-26,push,0
M00729,2026-07-01,in_app,0
M00729,2026-05-11,in_app,1
M00729,2026-06-24,push,1
M00729,2026-02-26,email,0
M00729,2026-07-03,in_app,1
M00729,2026-07-18,email,0
M00729,2026-06-06,push,0
M00729,2025-12-31,push,0
M00729,2025-12-11,email,0
M00729,2025-10-03,email,1
M00730,2025-10-18,push,1
M00730,2025-11-15,in_app,1
M00730,2026-07-19,push,0
M00730,2026-02-18,push,1
M00730,2026-03-09,in_app,1
M00730,2025-10-28,in_app,1
M00730,2025-08-22,email,0
M00731,2025-11-26,push,0
M00731,2026-05-22,email,0
M00731,2025-10-03,in_app,0
M00731,2026-05-15,push,1
M00731,2025-11-10,email,0
M00731,2026-01-30,push,0
M00732,2026-05-16,push,0
M00732,2025-12-17,in_app,0
M00732,2026-05-02,push,1
M00732,2026-03-18,email,0
M00733,2026-05-07,email,1
M00733,2025-09-14,in_app,0
M00733,2026-02-26,in_app,1
M00733,2025-10-15,in_app,0
M00733,2026-03-30,push,1
M00733,2026-07-11,email,0
M00733,2025-10-17,in_app,0
M00733,2025-11-18,push,0
M00733,2026-07-05,push,1
M00734,2026-03-02,in_app,0
M00734,2026-01-20,email,0
M00734,2026-06-14,push,0
M00734,2026-05-19,in_app,1
M00734,2025-12-18,email,0
M00734,2026-04-23,push,0
M00734,2025-08-17,email,0
M00734,2026-06-24,push,0
M00734,2026-02-13,push,1
M00734,2025-11-16,push,1
M00734,2025-09-25,email,0
M00735,2025-08-25,in_app,0
M00735,2025-09-26,in_app,0
M00735,2026-04-11,push,0
M00735,2025-10-25,push,0
M00735,2026-04-29,push,0
M00735,2025-12-31,in_app,1
M00735,2025-12-09,push,0
M00735,2025-10-01,email,0
M00735,2026-02-11,email,0
M00736,2026-02-26,push,0
M00736,2026-03-06,email,0
M00736,2026-05-25,in_app,1
M00736,2026-01-09,email,1
M00736,2026-03-06,email,0
M00736,2025-10-20,email,1
M00736,2025-08-14,in_app,1
M00736,2025-09-20,email,1
M00736,2026-04-16,email,1
M00736,2026-04-16,email,0
M00737,2026-04-01,email,0
M00737,2026-02-18,email,0
M00737,2026-03-22,push,0
M00737,2026-02-04,in_app,0
M00737,2025-09-06,in_app,1
M00737,2025-09-01,push,0
M00737,2025-08-08,email,1
M00737,2025-08-02,in_app,1
M00737,2026-06-12,in_app,0
M00738,2026-04-08,push,0
M00738,2026-07-21,push,0
M00738,2026-06-11,email,0
M00738,2026-06-16,in_app,1
M00738,2025-09-14,push,1
M00739,2026-01-12,email,0
M00739,2025-10-30,email,0
M00739,2025-11-05,email,0
M00739,2026-05-16,in_app,1
M00739,2026-06-14,push,0
M00739,2026-05-15,push,0
M00739,2026-06-06,email,1
M00739,2025-11-01,email,0
M00739,2026-05-20,push,1
M00739,2025-10-18,in_app,1
M00739,2026-04-18,in_app,0
M00739,2026-03-10,email,0
M00740,2025-10-06,email,0
M00740,2026-05-11,in_app,0
M00740,2026-04-21,email,1
M00740,2026-02-15,in_app,0
M00740,2025-08-07,push,0
M00740,2025-08-13,email,0
M00740,2026-06-12,push,1
M00740,2025-11-26,in_app,0
M00740,2025-08-24,email,1
M00740,2026-05-08,in_app,1
M00740,2026-03-01,in_app,1
M00741,2025-10-13,email,1
M00741,2025-12-02,push,0
M00741,2026-05-29,push,0
M00741,2026-04-08,push,0
M00741,2026-06-28,push,0
M00741,2026-01-16,push,0
M00741,2026-04-07,email,0
M00741,2025-10-17,in_app,0
M00742,2025-08-20,in_app,0
M00742,2025-12-24,push,0
M00742,2026-05-27,push,0
M00742,2026-05-21,email,1
M00742,2026-02-23,in_app,0
M00742,2025-09-12,push,0
M00742,2025-11-16,push,0
M00742,2025-08-21,email,0
M00742,2025-10-05,in_app,1
M00742,2026-05-17,in_app,0
M00743,2025-09-07,in_app,0
M00743,2026-01-31,email,1
M00743,2026-03-03,email,1
M00743,2025-10-02,in_app,1
M00743,2026-01-10,in_app,0
M00743,2025-12-10,email,1
M00743,2026-01-15,push,1
M00743,2026-03-10,push,1
M00743,2025-08-27,email,1
M00744,2026-01-29,email,1
M00744,2026-05-10,in_app,0
M00744,2026-02-22,in_app,0
M00744,2026-04-29,email,0
M00744,2025-08-24,email,0
M00744,2026-02-02,email,0
M00744,2025-08-04,email,0
M00744,2026-04-23,push,0
M00745,2025-11-18,in_app,0
M00745,2025-09-14,email,0
M00745,2026-05-14,email,1
M00745,2025-10-05,email,1
M00745,2026-01-22,push,0
M00745,2026-03-19,email,1
M00745,2026-01-21,in_app,0
M00745,2025-10-01,email,0
M00745,2026-04-08,in_app,1
M00745,2026-04-30,in_app,1
M00746,2025-09-06,email,0
M00746,2026-05-12,in_app,0
M00746,2025-09-18,push,0
M00746,2026-02-07,email,0
M00746,2025-09-03,email,0
M00746,2026-05-01,push,0
M00746,2026-04-08,push,0
M00746,2026-01-17,in_app,0
M00747,2025-12-30,email,0
M00747,2026-03-17,push,0
M00747,2025-10-06,email,0
M00747,2026-01-01,email,1
M00747,2026-03-31,in_app,1
M00748,2025-11-07,push,0
M00748,2026-01-24,push,0
M00748,2025-08-19,push,1
M00748,2026-04-17,email,0
M00748,2026-02-15,in_app,1
M00749,2025-10-01,push,0
M00749,2025-12-02,email,1
M00749,2026-07-10,email,1
M00749,2025-11-10,push,1
M00749,2026-05-15,in_app,0
M00749,2026-02-21,push,0
M00749,2025-09-04,email,1
M00749,2025-09-22,push,0
M00749,2025-10-22,email,0
M00750,2026-06-23,email,0
M00750,2025-08-22,email,0
M00750,2025-08-21,push,0
M00750,2026-03-08,in_app,1
M00751,2026-06-17,email,0
M00751,2026-05-11,in_app,0
M00751,2025-12-11,in_app,1
M00751,2025-10-10,in_app,1
M00751,2025-08-14,push,0
M00752,2026-07-09,push,1
M00752,2026-05-25,in_app,1
M00752,2026-06-03,push,0
M00752,2026-07-05,push,1
M00752,2025-08-07,push,0
M00752,2026-01-02,email,1
M00752,2026-05-02,in_app,1
M00752,2025-11-12,in_app,1
M00752,2025-09-10,email,1
M00752,2026-06-05,email,1
M00752,2026-02-24,push,0
M00753,2026-01-06,email,0
M00753,2025-08-26,email,1
M00753,2026-06-21,in_app,1
M00753,2026-02-16,in_app,0
M00753,2025-10-08,push,0
M00753,2025-08-13,email,0
M00754,2025-12-23,email,1
M00754,2025-11-22,email,0
M00754,2026-01-24,email,0
M00754,2025-09-26,push,0
M00754,2026-04-01,push,0
M00754,2025-09-13,email,0
M00754,2026-04-01,in_app,1
M00754,2025-11-28,email,0
M00755,2025-11-24,push,1
M00755,2025-12-25,push,0
M00755,2026-03-01,push,0
M00755,2026-02-20,in_app,1
M00755,2025-12-18,email,0
M00755,2026-05-27,in_app,0
M00755,2026-01-29,email,0
M00755,2025-08-25,email,0
M00756,2026-06-26,email,1
M00756,2025-10-17,email,1
M00756,2025-11-11,push,1
M00756,2026-02-04,email,0
M00756,2025-12-08,in_app,1
M00756,2025-10-15,email,1
M00756,2026-07-16,push,1
M00756,2026-07-10,email,1
M00756,2026-02-19,in_app,0
M00756,2026-05-20,email,1
M00756,2026-03-11,email,1
M00757,2026-05-29,push,1
M00757,2026-03-13,email,1
M00757,2025-12-28,push,0
M00757,2025-10-17,in_app,0
M00757,2026-05-10,in_app,0
M00757,2026-04-29,email,0
M00758,2026-06-17,in_app,0
M00758,2025-12-03,email,0
M00758,2026-07-10,in_app,0
M00758,2025-09-06,push,0
M00758,2026-01-29,email,0
M00758,2025-09-04,in_app,1
M00758,2025-08-15,push,0
M00758,2025-10-10,in_app,0
M00759,2026-05-11,email,1
M00759,2026-02-11,in_app,1
M00759,2025-09-06,push,0
M00759,2026-06-17,push,0
M00759,2026-05-30,in_app,0
M00759,2026-04-25,in_app,0
M00759,2026-07-04,email,1
M00760,2026-04-19,email,0
M00760,2026-01-31,in_app,1
M00760,2025-12-04,in_app,1
M00760,2025-09-23,in_app,0
M00760,2025-10-20,in_app,1
M00760,2026-04-05,push,1
M00761,2026-07-11,email,0
M00761,2026-05-31,in_app,0
M00761,2025-09-02,in_app,0
M00761,2026-01-30,push,0
M00761,2025-12-31,email,1
M00761,2025-12-06,in_app,0
M00761,2025-11-14,push,0
M00761,2026-04-09,email,0
M00762,2026-05-24,email,0
M00762,2025-12-14,push,0
M00762,2026-07-06,push,1
M00762,2025-11-20,email,0
M00762,2025-08-02,push,1
M00763,2025-12-09,push,1
M00763,2026-07-03,in_app,0
M00763,2025-11-04,push,0
M00763,2026-06-29,push,0
M00763,2026-03-14,push,0
M00763,2026-02-03,push,0
M00763,2025-08-28,in_app,1
M00764,2026-02-15,email,1
M00764,2025-07-30,email,0
M00764,2025-12-04,push,1
M00764,2026-07-02,in_app,1
M00764,2026-04-15,push,0
M00764,2026-05-17,email,1
M00764,2026-06-06,email,1
M00764,2026-06-02,email,1
M00764,2026-01-10,email,1
M00765,2026-04-08,email,0
M00765,2026-02-21,in_app,1
M00765,2026-04-17,email,0
M00765,2025-11-11,push,0
M00765,2026-06-18,in_app,1
M00766,2026-01-29,in_app,1
M00766,2026-07-12,in_app,0
M00766,2025-08-31,push,1
M00766,2026-02-03,in_app,1
M00766,2026-06-23,push,0
M00766,2026-04-15,in_app,1
M00766,2026-07-08,email,0
M00766,2025-12-14,in_app,1
M00766,2026-01-09,in_app,0
M00766,2026-07-12,email,0
M00766,2026-06-22,push,1
M00766,2025-08-06,email,1
M00766,2025-07-28,in_app,1
M00766,2025-12-20,email,0
M00766,2026-04-24,email,1
M00767,2026-04-09,email,0
M00767,2025-09-02,in_app,0
M00767,2026-06-24,in_app,0
M00767,2025-11-09,email,0
M00767,2026-07-06,email,1
M00767,2026-02-21,in_app,0
M00767,2025-12-08,push,1
M00767,2025-10-27,email,0
M00767,2026-05-29,email,0
M00767,2026-06-04,in_app,0
M00767,2025-08-07,email,1
M00768,2026-06-30,push,0
M00768,2026-01-05,email,1
M00768,2026-02-09,in_app,1
M00768,2026-04-03,in_app,0
M00768,2025-08-11,push,0
M00768,2025-11-07,email,0
M00768,2026-06-13,push,0
M00768,2026-05-18,push,0
M00768,2025-10-03,in_app,0
M00769,2025-11-06,push,1
M00769,2026-06-29,push,0
M00769,2026-03-09,email,1
M00769,2026-04-04,push,1
M00769,2026-06-05,in_app,1
M00769,2026-02-14,email,0
M00769,2026-01-06,in_app,0
M00769,2026-06-30,push,1
M00770,2026-04-09,push,0
M00770,2026-02-10,push,0
M00770,2026-02-19,push,1
M00770,2025-08-17,email,0
M00770,2026-05-26,push,0
M00770,2025-08-27,in_app,0
M00770,2026-03-09,in_app,0
M00770,2025-10-18,email,0
M00770,2026-03-17,push,1
M00770,2025-09-27,push,0
M00770,2025-09-07,push,0
M00771,2026-07-10,in_app,0
M00771,2026-05-14,email,0
M00771,2026-02-09,in_app,1
M00771,2026-05-26,email,1
M00771,2026-07-18,email,1
M00771,2026-03-10,email,0
M00771,2026-07-10,email,0
M00771,2025-11-26,in_app,1
M00771,2026-01-02,in_app,0
M00771,2026-07-10,email,1
M00771,2026-01-12,email,1
M00772,2026-02-24,in_app,0
M00772,2025-09-26,push,1
M00772,2026-02-02,in_app,0
M00772,2026-06-13,push,1
M00772,2026-02-19,in_app,0
M00772,2026-04-19,in_app,0
M00773,2025-12-31,in_app,0
M00773,2025-10-05,push,1
M00773,2026-06-22,email,1
M00773,2026-03-05,email,1
M00773,2026-03-27,push,1
M00773,2025-10-19,push,1
M00773,2025-09-30,in_app,0
M00773,2026-01-03,push,1
M00773,2025-11-25,in_app,0
M00774,2025-07-23,in_app,1
M00774,2026-06-05,in_app,0
M00774,2026-06-22,email,0
M00774,2026-01-13,in_app,0
M00774,2026-04-28,in_app,0
M00774,2025-11-04,email,1
M00774,2026-01-10,email,0
M00774,2026-02-22,in_app,0
M00774,2026-02-12,email,0
M00774,2026-05-21,email,1
M00774,2025-10-14,push,0
M00775,2025-10-29,email,0
M00775,2025-10-25,email,1
M00775,2026-01-12,email,0
M00775,2025-08-23,push,1
M00775,2026-07-03,email,0
M00775,2025-09-24,email,0
M00775,2025-09-21,push,0
M00775,2026-01-12,push,0
M00775,2025-11-19,push,0
M00776,2025-11-08,push,1
M00776,2026-02-12,in_app,0
M00776,2025-10-17,in_app,1
M00776,2026-01-05,in_app,0
M00776,2025-09-05,email,0
M00776,2025-09-04,email,0
M00776,2025-07-25,push,1
M00776,2026-07-11,email,0
M00777,2026-06-18,push,1
M00777,2026-01-11,push,0
M00777,2025-11-17,email,1
M00777,2026-02-03,email,0
M00777,2026-01-25,in_app,0
M00777,2025-10-14,in_app,1
M00778,2026-07-12,push,0
M00778,2025-09-22,email,0
M00778,2025-07-26,email,1
M00778,2026-06-15,email,0
M00778,2026-05-20,email,0
M00779,2026-05-16,push,1
M00779,2025-09-21,email,1
M00779,2026-05-09,email,0
M00779,2025-08-09,email,1
M00779,2025-08-13,email,0
M00780,2026-05-18,push,0
M00780,2025-11-14,in_app,0
M00780,2026-06-17,push,0
M00780,2025-12-03,push,0
M00780,2025-08-31,in_app,0
M00780,2026-07-20,in_app,0
M00780,2026-07-17,email,1
M00780,2026-07-06,push,1
M00780,2026-06-29,in_app,0
M00780,2025-12-14,push,0
M00781,2026-03-20,push,1
M00781,2026-04-19,email,0
M00781,2026-02-01,in_app,0
M00781,2026-01-08,push,0
M00781,2025-10-08,email,0
M00781,2025-08-15,email,1
M00781,2025-08-25,email,0
M00781,2026-02-14,push,0
M00781,2025-08-22,email,0
M00781,2026-02-14,in_app,1
M00781,2025-08-13,push,1
M00782,2026-06-28,email,1
M00782,2026-06-06,in_app,0
M00782,2025-09-20,push,1
M00782,2025-09-24,email,1
M00782,2025-12-31,push,1
M00782,2025-08-30,email,1
M00782,2026-05-18,in_app,0
M00782,2026-04-24,in_app,1
M00783,2025-08-19,push,1
M00783,2026-07-09,in_app,0
M00783,2025-10-18,push,1
M00783,2025-09-12,email,1
M00783,2026-02-20,in_app,0
M00783,2026-03-20,push,0
M00783,2026-02-14,push,0
M00783,2026-02-03,in_app,0
M00783,2025-11-06,in_app,0
M00783,2025-08-11,email,1
M00784,2026-07-23,push,0
M00784,2025-10-10,in_app,0
M00784,2025-08-23,push,0
M00784,2025-09-30,email,0
M00784,2026-06-16,push,1
M00784,2025-12-04,email,0
M00784,2025-08-02,email,0
M00785,2025-10-31,in_app,1
M00785,2025-12-15,email,1
M00785,2026-06-15,email,0
M00785,2025-12-24,push,1
M00785,2026-05-05,email,0
M00785,2025-09-10,email,0
M00785,2025-09-28,email,0
M00785,2025-12-24,in_app,0
M00785,2025-08-05,in_app,0
M00786,2026-05-27,in_app,0
M00786,2026-04-26,push,1
M00786,2025-08-17,push,0
M00786,2026-04-22,email,0
M00786,2025-10-04,email,0
M00786,2026-02-23,push,0
M00786,2026-05-10,email,0
M00786,2026-01-23,in_app,0
M00786,2026-07-22,email,1
M00786,2026-02-15,in_app,0
M00787,2025-11-27,push,0
M00787,2025-09-05,in_app,1
M00787,2026-05-27,email,0
M00787,2025-09-19,push,1
M00787,2025-10-31,in_app,0
M00788,2025-10-29,push,1
M00788,2025-09-09,in_app,0
M00788,2025-09-08,in_app,0
M00788,2026-07-07,push,0
M00788,2025-08-24,email,0
M00788,2026-05-09,email,1
M00788,2026-02-25,email,1
M00788,2025-10-18,email,0
M00789,2025-08-28,in_app,0
M00789,2025-12-07,in_app,0
M00789,2026-02-09,push,0
M00789,2025-12-09,email,1
M00789,2026-04-12,email,1
M00789,2025-11-17,push,0
M00789,2026-01-15,in_app,1
M00789,2026-07-05,in_app,0
M00789,2026-03-20,push,0
M00789,2026-07-22,email,0
M00790,2025-12-31,push,0
M00790,2025-10-27,email,1
M00790,2025-11-14,email,0
M00790,2026-03-09,email,1
M00790,2025-09-15,push,1
M00790,2025-08-07,email,0
M00790,2026-07-07,push,1
M00790,2025-12-25,in_app,0
M00790,2025-10-25,email,1
M00791,2026-05-22,in_app,0
M00791,2026-01-04,email,1
M00791,2026-03-30,email,0
M00791,2026-03-15,email,1
M00791,2025-07-23,email,1
M00791,2026-06-28,in_app,1
M00791,2025-11-22,in_app,0
M00791,2026-05-03,push,0
M00791,2025-12-06,push,0
M00791,2025-11-23,push,0
M00791,2025-09-23,email,1
M00792,2025-10-02,email,0
M00792,2025-12-08,in_app,0
M00792,2025-08-14,push,0
M00792,2026-01-29,email,0
M00792,2025-12-14,push,0
M00792,2026-02-26,in_app,0
M00792,2026-07-16,push,0
M00792,2026-07-14,email,0
M00792,2025-11-12,in_app,0
M00792,2025-08-21,in_app,1
M00792,2025-09-23,email,0
M00792,2025-12-24,push,0
M00792,2025-11-23,email,0
M00792,2025-09-16,in_app,0
M00792,2025-12-04,email,0
M00792,2025-08-12,email,0
M00793,2025-11-07,email,1
M00793,2025-07-29,in_app,0
M00793,2025-12-04,email,0
M00793,2026-03-20,push,0
M00793,2026-02-27,in_app,0
M00793,2025-10-08,in_app,0
M00793,2026-06-16,email,0
M00793,2025-10-17,email,0
M00793,2026-01-13,in_app,0
M00794,2025-11-17,in_app,1
M00794,2026-02-21,push,1
M00794,2026-05-20,email,1
M00794,2026-02-16,in_app,1
M00794,2025-10-19,push,0
M00794,2026-07-06,email,0
M00794,2025-09-01,email,0
M00794,2025-08-07,in_app,1
M00794,2026-01-20,in_app,0
M00795,2026-01-07,email,0
M00795,2025-10-09,push,0
M00795,2025-10-05,push,0
M00795,2025-08-24,push,0
M00795,2025-11-28,push,0
M00795,2026-06-12,email,0
M00795,2026-03-25,push,1
M00795,2025-12-07,push,0
M00795,2026-06-01,in_app,0
M00796,2026-03-02,push,1
M00796,2025-12-28,in_app,0
M00796,2025-12-17,push,0
M00796,2026-05-24,push,0
M00796,2026-07-18,push,1
M00796,2026-01-22,email,1
M00796,2025-08-09,email,0
M00796,2026-02-01,in_app,0
M00797,2026-01-09,push,1
M00797,2025-11-23,push,0
M00797,2026-07-21,in_app,1
M00797,2026-03-29,push,0
M00797,2026-05-12,email,0
M00797,2025-12-23,push,0
M00797,2025-11-07,email,1
M00798,2026-06-20,push,1
M00798,2025-09-04,in_app,0
M00798,2026-06-27,email,1
M00798,2025-11-02,in_app,1
M00798,2026-04-27,push,0
M00798,2025-10-31,push,0
M00799,2026-02-10,email,0
M00799,2026-01-19,push,0
M00799,2026-01-13,in_app,0
M00799,2025-12-29,in_app,0
M00799,2025-08-10,push,0
M00799,2026-03-18,in_app,1
M00799,2026-01-06,in_app,1
M00800,2025-08-14,push,1
M00800,2026-03-08,email,0
M00800,2025-08-05,push,1
M00800,2026-05-20,push,0
M00801,2025-09-26,in_app,1
M00801,2025-12-15,in_app,0
M00801,2025-09-12,in_app,0
M00801,2025-10-04,push,0
M00801,2025-09-03,in_app,0
M00801,2025-09-09,email,0
M00801,2026-04-17,email,0
M00801,2026-04-28,push,1
M00801,2025-10-18,in_app,0
M00801,2025-08-31,push,0
M00801,2025-11-22,in_app,1
M00801,2026-07-10,email,1
M00801,2025-11-02,in_app,0
M00802,2026-01-06,push,1
M00802,2025-12-09,in_app,1
M00802,2025-09-13,email,0
M00802,2025-11-20,in_app,1
M00802,2025-08-22,email,0
M00802,2025-07-25,in_app,1
M00802,2025-12-19,email,0
M00802,2025-08-24,push,0
M00803,2026-04-03,in_app,1
M00803,2026-06-02,push,0
M00803,2025-09-12,push,0
M00803,2025-10-15,in_app,0
M00803,2026-01-24,in_app,1
M00803,2026-04-05,in_app,1
M00803,2026-06-19,in_app,1
M00803,2025-12-30,in_app,0
M00803,2025-11-20,in_app,0
M00804,2026-05-23,push,1
M00804,2026-02-02,email,0
M00804,2025-08-28,in_app,0
M00804,2026-06-25,email,1
M00804,2025-08-01,push,0
M00804,2025-11-16,in_app,0
M00804,2025-11-01,in_app,1
M00805,2025-08-10,push,0
M00805,2026-04-25,email,0
M00805,2026-01-02,in_app,1
M00805,2025-12-28,push,0
M00805,2025-11-20,in_app,1
M00805,2025-10-31,in_app,0
M00805,2026-04-16,push,1
M00805,2026-01-01,push,0
M00806,2026-01-18,in_app,0
M00806,2025-10-08,push,0
M00806,2026-07-20,push,0
M00806,2025-08-27,email,1
M00806,2026-02-22,in_app,0
M00806,2026-04-17,email,0
M00806,2025-09-23,email,1
M00807,2025-10-01,email,0
M00807,2026-03-20,in_app,1
M00807,2026-02-06,in_app,1
M00807,2025-11-28,push,1
M00807,2025-07-29,in_app,1
M00807,2026-07-06,push,1
M00807,2026-07-16,push,1
M00807,2026-07-13,in_app,1
M00807,2026-01-26,in_app,1
M00807,2026-04-06,in_app,0
M00807,2026-03-22,push,0
M00807,2025-08-04,push,0
M00807,2025-08-24,email,1
M00808,2026-04-12,email,1
M00808,2026-02-18,push,0
M00808,2025-12-29,push,1
M00808,2026-05-31,email,0
M00808,2025-08-06,push,1
M00808,2025-10-17,email,0
M00808,2025-10-29,push,0
M00808,2026-03-05,push,1
M00808,2026-05-17,in_app,0
M00808,2026-01-18,email,0
M00808,2025-12-31,in_app,0
M00808,2025-07-27,push,0
M00809,2025-12-10,in_app,0
M00809,2025-11-18,push,0
M00809,2025-12-31,email,0
M00809,2026-06-02,in_app,1
M00809,2025-12-08,in_app,0
M00809,2025-12-11,in_app,0
M00810,2025-09-20,push,1
M00810,2025-10-21,email,1
M00810,2025-10-02,in_app,0
M00810,2025-09-08,email,0
M00810,2026-02-06,in_app,0
M00810,2025-12-18,push,1
M00810,2026-02-22,in_app,0
M00810,2025-12-12,push,0
M00811,2026-06-08,email,1
M00811,2025-12-06,email,0
M00811,2025-11-11,push,1
M00811,2025-08-24,push,0
M00811,2025-11-09,push,0
M00811,2025-08-16,email,0
M00811,2025-10-29,in_app,0
M00811,2026-01-10,in_app,0
M00811,2025-08-02,in_app,0
M00812,2025-10-09,email,0
M00812,2026-07-21,in_app,1
M00812,2026-02-03,in_app,0
M00812,2026-02-09,in_app,1
M00813,2026-03-09,email,0
M00813,2026-04-06,email,1
M00813,2025-12-19,email,0
M00813,2026-05-03,push,1
M00813,2026-05-12,email,0
M00813,2026-06-19,email,0
M00813,2025-12-31,push,0
M00814,2025-10-19,in_app,1
M00814,2026-05-01,in_app,0
M00814,2026-02-11,email,0
M00814,2026-02-17,push,1
M00814,2026-02-27,email,0
M00814,2026-07-12,in_app,1
M00814,2026-04-01,in_app,0
M00814,2025-11-21,in_app,0
M00814,2025-07-31,push,1
M00814,2025-10-19,email,0
M00814,2026-05-20,email,1
M00814,2026-05-25,in_app,1
M00815,2025-10-20,email,0
M00815,2025-09-30,push,0
M00815,2026-03-18,email,0
M00815,2025-08-25,push,0
M00815,2026-02-11,email,1
M00816,2025-08-06,email,0
M00816,2026-05-05,email,0
M00816,2026-06-25,in_app,1
M00816,2025-09-14,push,0
M00816,2025-09-11,in_app,1
M00816,2026-04-27,push,0
M00816,2026-04-28,push,1
M00816,2026-03-01,in_app,0
M00816,2026-06-03,email,1
M00817,2026-03-11,in_app,0
M00817,2025-09-10,push,0
M00817,2026-02-15,email,0
M00817,2026-06-05,in_app,0
M00817,2026-01-09,in_app,0
M00817,2025-09-10,push,0
M00817,2025-12-27,in_app,0
M00818,2026-03-27,push,1
M00818,2025-08-20,in_app,0
M00818,2025-12-09,email,0
M00818,2026-05-15,in_app,0
M00818,2025-09-21,push,1
M00818,2026-06-21,push,1
M00818,2025-11-24,email,1
M00818,2025-08-27,in_app,1
M00819,2026-03-05,email,1
M00819,2025-09-04,in_app,1
M00819,2026-04-30,push,1
M00819,2025-08-30,email,1
M00819,2026-04-25,push,0
M00819,2026-05-31,in_app,0
M00819,2026-04-20,push,1
M00819,2025-07-30,in_app,1
M00820,2026-07-12,in_app,0
M00820,2026-02-01,email,0
M00820,2025-08-16,push,0
M00820,2026-03-09,in_app,0
M00820,2025-11-23,push,0
M00821,2025-12-01,email,0
M00821,2025-09-07,email,0
M00821,2026-04-01,email,0
M00821,2026-03-20,push,0
M00821,2026-04-04,in_app,1
M00821,2025-09-30,email,0
M00821,2026-07-15,in_app,0
M00821,2025-11-16,email,0
M00821,2025-08-08,email,1
M00821,2025-12-14,in_app,0
M00821,2026-07-16,email,1
M00821,2025-10-14,push,0
M00821,2025-09-15,email,1
M00821,2025-09-22,push,0
M00822,2025-11-21,push,0
M00822,2025-08-11,in_app,0
M00822,2025-10-20,email,0
M00822,2026-07-19,in_app,1
M00822,2026-02-26,in_app,0
M00822,2026-03-10,email,0
M00822,2026-06-09,push,0
M00822,2025-12-27,in_app,0
M00822,2025-07-30,email,0
M00822,2026-04-28,push,0
M00822,2025-07-30,email,0
M00823,2026-03-09,in_app,0
M00823,2026-04-07,email,1
M00823,2025-12-11,push,1
M00823,2026-04-05,in_app,1
M00823,2025-11-11,in_app,0
M00823,2026-04-23,push,1
M00824,2025-12-21,push,1
M00824,2026-03-19,in_app,1
M00824,2025-12-02,in_app,0
M00824,2025-09-22,push,0
M00824,2026-06-13,email,1
M00824,2026-03-16,push,1
M00824,2026-04-26,email,1
M00824,2026-04-25,in_app,0
M00824,2026-03-28,in_app,0
M00824,2025-10-18,in_app,1
M00824,2025-09-11,email,0
M00825,2025-11-16,in_app,0
M00825,2026-03-04,email,1
M00825,2025-09-24,in_app,0
M00825,2026-01-19,push,1
M00825,2025-12-16,email,1
M00825,2025-10-28,in_app,0
M00825,2026-04-29,email,0
M00826,2026-04-05,email,1
M00826,2026-01-22,in_app,0
M00826,2025-12-05,email,1
M00826,2026-07-19,in_app,1
M00826,2025-12-14,in_app,0
M00826,2025-12-09,push,0
M00826,2026-04-13,push,1
M00826,2025-09-20,push,1
M00826,2025-11-05,email,1
M00826,2026-06-14,email,0
M00826,2026-05-06,email,1
M00827,2026-07-08,email,1
M00827,2025-11-09,in_app,1
M00827,2026-01-29,push,1
M00827,2025-09-12,email,0
M00827,2026-02-25,in_app,0
M00827,2025-09-15,email,1
M00827,2025-08-30,email,1
M00827,2026-01-19,push,1
M00828,2025-10-31,email,1
M00828,2025-12-02,in_app,1
M00828,2025-11-01,push,0
M00828,2025-08-01,push,1
M00828,2026-05-07,email,0
M00828,2026-04-01,push,1
M00828,2025-12-04,email,1
M00829,2026-06-10,in_app,0
M00829,2026-02-25,email,0
M00829,2026-02-16,email,0
M00829,2026-06-12,push,0
M00829,2026-01-08,email,0
M00829,2025-10-24,push,0
M00829,2025-12-26,email,0
M00829,2026-06-24,push,0
M00829,2026-03-28,in_app,0
M00829,2026-03-27,in_app,1
M00829,2025-12-16,in_app,1
M00829,2025-12-02,in_app,0
M00829,2025-11-12,email,0
M00829,2025-11-21,push,0
M00829,2025-08-27,in_app,1
M00830,2026-07-12,push,0
M00830,2026-07-08,push,0
M00830,2026-04-10,in_app,0
M00830,2026-03-24,in_app,1
M00830,2026-02-07,in_app,1
M00830,2026-04-25,push,1
M00830,2026-06-23,in_app,1
M00830,2026-03-27,push,0
M00831,2026-01-16,in_app,0
M00831,2026-02-22,push,1
M00831,2026-05-11,push,0
M00831,2025-10-16,push,0
M00831,2026-05-22,push,0
M00831,2026-03-24,in_app,0
M00831,2026-07-03,in_app,0
M00831,2025-09-03,push,0
M00831,2025-10-03,push,0
M00832,2025-09-04,push,0
M00832,2026-02-23,push,1
M00832,2026-06-06,email,0
M00832,2026-06-28,in_app,0
M00832,2026-05-25,email,0
M00833,2026-03-11,in_app,1
M00833,2026-05-23,email,0
M00833,2025-09-05,email,1
M00833,2025-10-28,push,1
M00833,2026-03-17,email,0
M00833,2025-11-08,push,1
M00833,2026-04-11,email,0
M00833,2026-04-21,push,0
M00833,2026-06-28,push,0
M00833,2025-08-13,push,0
M00833,2025-09-01,push,1
M00834,2026-05-15,push,1
M00834,2026-01-12,push,0
M00834,2025-12-18,push,1
M00834,2026-02-07,push,1
M00834,2025-12-20,in_app,0
M00834,2026-04-26,push,1
M00834,2026-02-11,push,0
M00835,2025-08-28,in_app,1
M00835,2025-08-28,email,1
M00835,2025-11-02,push,1
M00835,2026-03-03,in_app,1
M00835,2026-07-19,email,0
M00835,2025-11-02,email,1
M00835,2026-06-15,in_app,0
M00835,2026-03-11,email,1
M00835,2025-11-02,push,1
M00836,2025-11-25,in_app,0
M00836,2026-05-26,in_app,0
M00836,2026-05-28,in_app,1
M00836,2026-06-14,in_app,1
M00836,2025-09-27,in_app,1
M00836,2025-11-08,email,1
M00836,2026-01-01,in_app,1
M00836,2026-01-09,push,1
M00837,2025-10-16,in_app,0
M00837,2026-02-20,push,1
M00837,2026-06-13,in_app,0
M00837,2026-03-22,push,0
M00837,2026-02-05,push,1
M00837,2026-03-18,email,0
M00837,2025-09-03,in_app,0
M00838,2026-04-30,email,1
M00838,2026-01-26,push,1
M00838,2026-03-05,push,1
M00838,2026-06-08,push,1
M00838,2025-10-21,in_app,1
M00838,2026-04-08,push,1
M00838,2025-10-02,in_app,0
M00838,2025-11-25,push,0
M00838,2025-12-24,push,1
M00838,2026-01-03,push,1
M00839,2026-03-29,email,1
M00839,2025-12-08,push,0
M00839,2025-08-06,email,0
M00839,2026-02-26,in_app,0
M00839,2026-03-19,in_app,0
M00839,2026-03-23,in_app,0
M00839,2026-04-24,email,0
M00839,2025-10-17,in_app,0
M00840,2025-08-23,email,1
M00840,2026-03-18,push,0
M00840,2025-10-18,push,0
M00840,2026-06-14,push,0
M00840,2025-11-05,push,1
M00840,2025-11-20,email,0
M00840,2025-10-20,push,0
M00841,2026-01-23,push,1
M00841,2025-09-08,email,0
M00841,2026-06-20,push,1
M00841,2026-03-01,email,0
M00842,2025-08-24,in_app,0
M00842,2025-08-01,push,0
M00842,2025-08-06,push,1
M00843,2025-11-23,in_app,1
M00843,2025-09-06,email,0
M00843,2026-03-15,email,0
M00843,2025-11-08,in_app,0
M00843,2025-07-26,email,1
M00843,2026-07-06,email,1
M00843,2026-05-10,in_app,1
M00844,2026-04-14,email,0
M00844,2026-06-26,push,1
M00844,2026-07-16,in_app,1
M00844,2025-12-13,email,1
M00844,2025-12-05,in_app,1
M00844,2025-11-23,push,1
M00844,2026-02-27,push,1
M00844,2026-01-25,email,0
M00844,2025-11-05,in_app,1
M00844,2025-09-27,in_app,0
M00845,2026-06-11,push,0
M00845,2025-10-12,push,0
M00845,2025-10-17,email,0
M00845,2025-11-24,in_app,0
M00845,2025-08-21,push,0
M00845,2026-04-17,email,1
M00845,2026-02-07,in_app,0
M00845,2026-02-06,push,0
M00845,2025-07-29,push,0
M00845,2026-04-30,push,0
M00845,2025-08-30,in_app,0
M00845,2025-10-20,push,0
M00845,2025-10-20,email,0
M00845,2026-01-15,push,1
M00846,2025-12-18,push,0
M00846,2025-12-07,email,0
M00846,2026-03-15,email,0
M00846,2026-04-18,push,0
M00846,2026-01-02,email,0
M00846,2026-05-28,push,0
M00846,2025-12-24,in_app,0
M00847,2025-08-14,push,1
M00847,2026-06-27,in_app,1
M00847,2026-05-26,push,0
M00847,2026-06-24,email,1
M00847,2025-11-10,in_app,1
M00847,2026-04-13,in_app,0
M00847,2025-10-16,email,1
M00847,2025-10-04,in_app,1
M00847,2026-03-27,email,1
M00847,2026-05-16,push,0
M00847,2026-01-18,push,1
M00848,2025-10-23,push,0
M00848,2025-12-01,in_app,1
M00848,2026-02-05,in_app,1
M00848,2026-05-08,email,1
M00848,2026-05-02,push,1
M00848,2026-06-16,email,0
M00849,2026-03-18,email,1
M00849,2026-06-24,in_app,0
M00849,2026-01-08,push,0
M00849,2025-08-29,in_app,0
M00849,2025-12-01,email,1
M00849,2026-07-09,push,1
M00849,2026-02-22,email,0
M00849,2025-12-04,in_app,0
M00849,2025-08-07,in_app,0
M00850,2026-02-12,in_app,1
M00850,2025-08-09,in_app,0
M00850,2026-06-16,email,0
M00850,2026-07-09,in_app,0
M00850,2026-04-20,in_app,1
M00850,2026-06-17,in_app,1
M00850,2025-10-11,email,0
M00850,2026-05-18,email,1
M00851,2025-07-24,push,0
M00851,2026-07-15,email,0
M00851,2026-01-04,push,1
M00851,2025-09-07,in_app,0
M00851,2026-03-25,push,0
M00851,2025-11-25,email,1
M00851,2026-05-26,in_app,0
M00851,2026-06-03,email,0
M00851,2025-10-31,push,0
M00851,2026-04-20,push,0
M00851,2026-06-26,push,1
M00852,2025-10-05,email,1
M00852,2026-06-10,push,1
M00852,2025-09-30,email,1
M00852,2026-01-24,in_app,1
M00852,2025-09-30,email,1
M00852,2026-06-11,in_app,0
M00852,2026-01-17,in_app,0
M00853,2026-06-23,in_app,1
M00853,2025-12-09,push,1
M00853,2025-11-10,push,1
M00853,2025-12-25,in_app,1
M00853,2026-01-23,in_app,0
M00853,2026-03-01,in_app,0
M00853,2025-12-13,push,1
M00853,2026-06-03,push,0
M00853,2025-09-18,in_app,0
M00853,2025-09-06,in_app,0
M00854,2026-02-27,email,1
M00854,2025-08-28,in_app,0
M00854,2026-03-03,push,1
M00854,2026-03-27,in_app,1
M00854,2026-01-26,in_app,0
M00854,2026-03-22,in_app,0
M00854,2026-07-06,email,0
M00854,2026-02-04,push,0
M00854,2026-02-10,push,1
M00855,2025-11-18,email,0
M00855,2026-02-03,push,0
M00855,2025-08-23,email,1
M00855,2025-12-19,push,0
M00855,2025-10-24,email,0
M00855,2026-03-05,email,1
M00855,2025-09-01,push,0
M00855,2025-08-14,email,1
M00855,2026-03-19,email,0
M00855,2026-03-30,push,1
M00855,2025-11-07,email,0
M00856,2026-06-14,in_app,1
M00856,2025-12-07,push,1
M00856,2026-04-12,in_app,0
M00856,2026-04-17,in_app,0
M00856,2026-04-26,email,1
M00856,2026-04-04,push,1
M00856,2026-03-19,email,1
M00857,2026-05-04,push,1
M00857,2025-08-07,push,0
M00857,2025-10-11,push,0
M00857,2025-09-17,in_app,0
M00857,2025-10-25,push,0
M00857,2025-11-11,in_app,0
M00857,2026-04-18,push,1
M00857,2025-09-11,push,1
M00858,2026-04-21,push,0
M00858,2025-08-12,in_app,0
M00858,2026-01-02,in_app,0
M00858,2026-05-14,email,0
M00858,2026-07-13,in_app,0
M00858,2025-11-09,push,0
M00858,2026-03-30,in_app,1
M00858,2026-02-12,push,0
M00858,2026-01-13,email,1
M00858,2026-03-07,email,0
M00859,2026-06-10,push,1
M00859,2025-12-05,push,1
M00860,2026-05-02,push,1
M00860,2025-07-24,email,0
M00860,2026-01-22,push,0
M00860,2025-10-17,email,0
M00860,2025-10-29,push,1
M00860,2026-02-01,in_app,1
M00860,2026-03-09,in_app,0
M00860,2025-10-11,in_app,0
M00860,2026-03-14,email,1
M00860,2025-09-24,in_app,0
M00861,2026-01-10,in_app,0
M00861,2026-04-07,email,0
M00861,2025-12-16,email,1
M00861,2026-01-14,push,0
M00861,2025-11-10,in_app,0
M00861,2026-04-04,email,0
M00861,2025-08-01,push,1
M00861,2025-09-24,push,0
M00861,2025-11-20,in_app,1
M00861,2025-08-03,in_app,0
M00861,2025-07-26,email,0
M00861,2025-08-04,in_app,0
M00862,2026-03-11,email,0
M00862,2025-09-12,email,1
M00862,2025-11-06,email,0
M00862,2025-12-15,in_app,0
M00862,2026-04-07,push,1
M00862,2026-03-11,email,0
M00862,2026-01-28,push,0
M00862,2026-05-24,push,0
M00862,2025-10-05,push,1
M00862,2026-07-08,in_app,0
M00863,2026-03-03,in_app,1
M00863,2026-02-24,push,1
M00863,2025-07-27,email,0
M00863,2026-05-02,in_app,0
M00863,2026-01-05,push,1
M00863,2026-06-01,in_app,1
M00863,2026-03-20,push,1
M00863,2026-07-07,in_app,1
M00864,2025-08-16,in_app,0
M00864,2026-06-11,in_app,0
M00864,2025-09-27,email,0
M00864,2026-01-07,email,0
M00864,2026-05-27,in_app,0
M00864,2025-11-26,email,0
M00864,2025-08-26,in_app,1
M00864,2026-03-08,in_app,1
M00864,2026-05-18,email,1
M00864,2026-02-12,push,0
M00865,2026-04-09,push,0
M00865,2026-05-21,in_app,1
M00865,2026-03-09,push,0
M00865,2026-05-09,email,1
M00865,2026-02-10,push,0
M00865,2025-07-28,push,1
M00865,2025-08-24,push,1
M00865,2025-11-20,email,0
M00865,2026-04-02,push,1
M00865,2026-04-14,email,0
M00866,2026-03-04,email,0
M00866,2026-04-11,email,0
M00866,2025-07-25,email,0
M00866,2025-08-17,push,0
M00866,2026-01-02,email,0
M00866,2025-09-01,email,0
M00867,2025-09-24,in_app,0
M00867,2025-12-12,push,0
M00867,2026-03-10,email,0
M00867,2025-09-07,in_app,0
M00867,2025-09-20,push,1
M00868,2026-01-03,in_app,1
M00868,2026-07-05,push,0
M00868,2026-01-15,email,0
M00868,2025-12-19,email,1
M00868,2026-07-14,push,0
M00868,2025-10-15,push,1
M00868,2026-02-10,in_app,0
M00869,2026-02-27,push,0
M00869,2025-09-09,in_app,0
M00869,2025-12-06,push,0
M00869,2026-02-26,in_app,0
M00869,2026-03-08,email,0
M00870,2025-10-22,push,0
M00870,2026-01-02,in_app,0
M00870,2026-06-26,push,0
M00870,2026-02-17,in_app,0
M00871,2026-06-04,push,1
M00871,2026-02-06,email,0
M00871,2026-07-01,email,0
M00871,2025-09-08,in_app,1
M00871,2025-09-20,in_app,0
M00871,2026-03-13,email,1
M00871,2026-05-11,email,0
M00871,2025-12-20,in_app,0
M00871,2025-08-04,in_app,0
M00871,2026-01-30,push,1
M00871,2026-06-22,push,0
M00871,2026-02-08,in_app,1
M00872,2026-05-06,push,1
M00872,2025-12-31,in_app,1
M00872,2026-03-19,push,1
M00872,2025-11-11,in_app,0
M00872,2025-11-10,email,0
M00873,2025-12-28,email,0
M00873,2025-09-05,in_app,1
M00873,2025-11-18,in_app,0
M00873,2025-10-28,in_app,1
M00873,2025-12-25,in_app,1
M00874,2026-02-02,in_app,1
M00874,2025-09-19,email,0
M00874,2026-03-02,in_app,1
M00874,2026-07-09,push,1
M00874,2026-01-18,in_app,1
M00875,2026-01-18,push,1
M00875,2025-10-10,email,0
M00875,2025-10-04,push,0
M00875,2026-04-21,push,0
M00875,2026-06-28,email,1
M00875,2025-10-21,email,0
M00875,2025-11-27,push,0
M00875,2026-05-13,in_app,0
M00875,2026-01-26,in_app,0
M00875,2025-08-29,in_app,0
M00875,2026-06-04,email,0
M00876,2025-09-02,push,0
M00876,2025-08-05,email,1
M00876,2025-11-27,email,0
M00876,2026-02-12,push,0
M00876,2026-06-05,push,0
M00876,2026-07-15,push,0
M00876,2026-05-11,push,1
M00877,2025-12-01,push,0
M00877,2026-03-22,push,1
M00877,2025-08-22,email,0
M00877,2025-10-19,push,1
M00877,2026-06-24,push,0
M00877,2026-07-11,in_app,1
M00877,2026-06-07,email,0
M00877,2025-11-09,push,0
M00877,2025-10-12,in_app,0
M00877,2025-08-22,email,1
M00878,2025-09-30,email,1
M00878,2026-02-08,email,1
M00878,2025-11-14,push,1
M00878,2026-01-05,in_app,1
M00878,2025-08-06,in_app,0
M00878,2026-06-07,email,1
M00878,2026-01-15,email,1
M00879,2026-04-05,email,1
M00879,2025-11-28,push,1
M00879,2025-08-20,push,1
M00879,2025-10-07,push,1
M00879,2026-01-01,in_app,1
M00879,2025-09-05,in_app,0
M00879,2025-08-04,email,1
M00879,2025-09-29,push,0
M00879,2025-12-25,in_app,0
M00879,2026-05-18,push,0
M00879,2025-11-11,push,0
M00880,2026-05-12,in_app,0
M00880,2026-05-26,in_app,0
M00880,2026-03-01,in_app,0
M00880,2025-08-30,email,0
M00880,2026-02-19,push,1
M00880,2026-02-01,in_app,0
M00880,2025-12-19,in_app,1
M00880,2025-11-03,email,0
M00881,2025-12-26,push,0
M00881,2025-09-20,in_app,0
M00881,2025-12-04,in_app,1
M00881,2026-01-10,push,1
M00881,2026-06-19,push,1
M00881,2025-09-14,push,0
M00881,2025-12-12,push,0
M00881,2025-08-12,email,0
M00882,2026-01-16,in_app,0
M00882,2026-03-11,push,1
M00882,2025-12-03,push,0
M00882,2025-10-16,in_app,1
M00882,2025-12-24,push,0
M00882,2026-02-07,in_app,0
M00882,2026-04-09,email,1
M00882,2025-11-12,in_app,0
M00882,2026-05-08,email,0
M00882,2025-12-10,email,0
M00882,2026-05-03,email,0
M00882,2026-04-18,email,0
M00883,2026-04-15,email,0
M00883,2026-04-05,email,0
M00883,2026-03-28,in_app,0
M00883,2026-05-18,push,0
M00883,2026-05-31,email,0
M00883,2026-03-18,in_app,0
M00883,2025-11-27,email,0
M00884,2025-08-15,email,1
M00884,2025-10-25,in_app,0
M00884,2025-08-02,push,0
M00884,2026-02-09,push,0
M00884,2025-12-31,push,0
M00884,2026-04-26,in_app,0
M00884,2026-07-17,push,1
M00884,2026-01-27,email,0
M00884,2026-05-08,push,0
M00885,2025-11-06,push,1
M00885,2026-05-09,in_app,1
M00885,2025-09-25,in_app,1
M00885,2026-03-22,email,0
M00885,2025-10-06,push,0
M00885,2025-11-08,in_app,1
M00885,2026-05-27,in_app,1
M00886,2025-11-20,in_app,0
M00886,2026-05-10,push,0
M00886,2026-04-14,email,1
M00886,2025-11-18,email,1
M00886,2025-11-26,in_app,1
M00886,2025-08-09,push,0
M00886,2026-06-20,email,0
M00886,2026-03-08,email,0
M00886,2026-02-26,email,0
M00886,2026-03-19,email,0
M00886,2026-05-21,in_app,0
M00886,2026-02-23,in_app,1
M00886,2025-11-19,push,1
M00887,2025-09-23,push,0
M00887,2025-08-08,in_app,0
M00887,2026-06-12,in_app,0
M00887,2026-04-23,push,0
M00887,2026-07-16,in_app,0
M00887,2025-12-30,in_app,0
M00887,2026-03-20,push,1
M00887,2026-03-28,email,0
M00887,2025-11-28,in_app,0
M00888,2026-03-11,push,0
M00888,2025-12-20,in_app,1
M00888,2026-05-19,in_app,0
M00888,2026-05-04,push,0
M00888,2026-02-07,push,0
M00888,2025-11-04,in_app,1
M00888,2026-05-23,in_app,0
M00888,2026-04-17,push,0
M00888,2026-07-05,email,0
M00888,2026-02-15,push,0
M00888,2025-10-11,push,0
M00888,2026-05-31,email,1
M00888,2026-07-05,in_app,0
M00888,2025-09-22,push,1
M00888,2026-03-11,email,0
M00888,2025-12-04,push,0
M00888,2025-08-15,email,1
M00889,2025-10-23,in_app,0
M00889,2025-10-26,push,1
M00889,2026-06-02,push,1
M00889,2026-02-25,in_app,0
M00889,2026-01-28,push,1
M00889,2026-01-24,in_app,0
M00889,2026-01-09,email,1
M00890,2025-08-30,in_app,1
M00890,2026-05-25,push,1
M00890,2026-02-16,in_app,1
M00890,2025-10-13,in_app,1
M00890,2025-09-27,email,1
M00890,2025-08-18,email,1
M00890,2026-01-20,in_app,1
M00890,2025-11-27,push,1
M00890,2026-01-04,in_app,0
M00890,2025-10-15,in_app,1
M00890,2026-03-02,push,0
M00890,2025-09-22,push,1
M00890,2026-04-05,push,1
M00891,2026-04-22,push,1
M00891,2025-08-15,push,0
M00891,2026-04-15,in_app,0
M00891,2025-09-24,push,1
M00891,2025-08-22,email,0
M00891,2026-01-20,email,0
M00891,2026-02-08,email,1
M00891,2025-08-10,push,1
M00891,2025-09-20,email,0
M00891,2026-06-18,in_app,0
M00891,2025-12-04,push,0
M00892,2026-05-19,push,1
M00892,2025-09-29,in_app,1
M00892,2025-08-30,email,1
M00892,2026-01-24,email,0
M00892,2025-08-31,email,1
M00893,2025-09-30,push,0
M00893,2025-10-11,email,1
M00893,2026-07-22,push,0
M00893,2025-12-11,email,0
M00893,2025-09-09,in_app,0
M00893,2026-02-26,push,1
M00893,2025-09-21,in_app,0
M00894,2026-04-15,in_app,0
M00894,2026-04-10,push,0
M00894,2026-05-02,in_app,1
M00894,2026-03-06,push,0
M00894,2026-05-08,push,0
M00894,2026-07-14,in_app,1
M00894,2026-02-08,in_app,1
M00894,2025-10-20,push,1
M00894,2025-10-22,push,0
M00894,2025-07-23,push,0
M00894,2025-07-26,push,0
M00894,2026-07-08,in_app,0
M00894,2026-06-25,in_app,0
M00895,2026-04-08,email,1
M00895,2026-03-30,email,0
M00895,2025-12-25,in_app,1
M00895,2025-11-13,push,0
M00895,2025-08-07,push,1
M00895,2025-10-20,email,1
M00895,2026-06-25,in_app,0
M00895,2026-04-19,in_app,1
M00895,2025-12-24,push,1
M00896,2025-12-25,push,0
M00896,2026-04-19,in_app,0
M00896,2025-11-14,in_app,0
M00896,2026-01-11,in_app,0
M00896,2025-07-31,email,0
M00896,2026-03-16,push,0
M00896,2025-10-16,email,1
M00896,2026-06-26,email,1
M00896,2025-09-28,email,1
M00896,2026-02-09,push,0
M00896,2026-06-14,push,0
M00896,2026-02-02,in_app,1
M00896,2025-07-24,email,1
M00897,2026-06-10,push,0
M00897,2026-03-22,in_app,0
M00897,2026-04-15,push,1
M00897,2025-09-22,in_app,1
M00897,2026-06-17,email,1
M00897,2026-03-08,in_app,0
M00897,2026-06-01,email,1
M00897,2026-03-21,in_app,1
M00897,2025-12-05,in_app,0
M00897,2025-12-31,push,1
M00897,2026-04-26,email,1
M00897,2026-06-19,in_app,1
M00897,2026-03-03,in_app,1
M00898,2026-02-22,push,0
M00898,2026-02-22,push,0
M00898,2026-05-19,push,0
M00898,2025-08-02,push,1
M00898,2025-10-04,email,0
M00898,2026-01-02,push,0
M00898,2026-04-26,in_app,0
M00898,2026-03-05,push,0
M00898,2025-11-16,push,1
M00898,2026-02-12,push,0
M00898,2025-12-26,email,1
M00899,2025-10-07,in_app,0
M00899,2026-03-27,in_app,0
M00899,2025-12-18,push,0
M00899,2025-11-02,email,0
M00899,2025-08-03,push,0
M00899,2026-05-31,push,0
M00899,2026-03-26,email,0
M00900,2026-02-10,push,0
M00900,2026-04-20,in_app,0
M00900,2026-06-06,push,0
M00900,2025-08-05,email,0
M00900,2026-06-02,push,0
M00900,2025-08-04,push,0
M00900,2025-09-16,in_app,0
M00900,2026-04-11,push,1
M00900,2026-06-15,push,0
M00900,2026-05-04,in_app,0
M00900,2026-05-21,in_app,0
M00900,2026-02-13,in_app,0
M00900,2025-10-21,email,0
M00900,2026-01-21,email,0
M00900,2025-08-20,email,1
M00901,2025-11-29,in_app,1
M00901,2026-04-13,push,0
M00901,2026-01-04,push,0
M00901,2025-08-22,email,0
M00901,2026-02-20,email,0
M00901,2026-05-08,email,0
M00901,2026-07-21,push,0
M00902,2025-09-03,in_app,1
M00902,2025-07-23,push,0
M00902,2025-12-31,push,1
M00902,2026-01-03,in_app,0
M00902,2026-01-17,push,0
M00902,2025-11-18,push,1
M00902,2025-08-20,push,1
M00902,2026-02-23,email,0
M00902,2026-05-09,push,1
M00903,2025-11-06,email,1
M00903,2025-12-02,push,0
M00903,2026-05-11,in_app,1
M00903,2025-12-18,in_app,0
M00903,2026-04-28,in_app,1
M00903,2026-02-08,push,0
M00903,2025-12-25,in_app,0
M00903,2025-09-22,in_app,0
M00903,2025-10-31,email,1
M00903,2026-01-21,push,0
M00903,2025-09-21,push,1
M00903,2026-05-22,push,1
M00903,2026-06-21,in_app,0
M00904,2025-07-28,in_app,1
M00904,2026-04-29,email,0
M00904,2025-10-11,email,0
M00904,2026-05-17,push,1
M00904,2026-03-18,push,0
M00904,2026-03-25,email,0
M00905,2026-06-04,push,0
M00905,2026-05-18,in_app,0
M00905,2025-08-27,in_app,0
M00905,2026-06-16,in_app,0
M00905,2026-01-03,in_app,0
M00905,2025-08-15,push,0
M00905,2026-04-19,push,1
M00905,2026-04-15,in_app,1
M00905,2026-03-30,push,0
M00905,2025-12-28,in_app,1
M00905,2025-11-22,push,0
M00906,2026-04-02,email,1
M00906,2026-07-01,in_app,0
M00906,2026-06-26,in_app,1
M00906,2025-08-16,email,0
M00906,2025-12-29,email,0
M00906,2025-08-05,in_app,0
M00906,2026-06-09,email,0
M00906,2025-09-03,in_app,0
M00906,2026-04-03,in_app,0
M00906,2026-06-02,in_app,0
M00906,2026-01-10,email,1
M00906,2026-05-30,push,1
M00906,2025-07-23,email,0
M00907,2026-06-01,email,1
M00907,2026-01-13,in_app,1
M00907,2026-02-04,in_app,1
M00907,2026-03-23,push,1
M00907,2025-10-28,email,0
M00907,2026-01-12,in_app,1
M00907,2025-11-30,push,1
M00907,2025-09-13,in_app,0
M00907,2025-09-08,in_app,1
M00907,2026-03-08,push,1
M00907,2025-09-30,push,1
M00908,2025-09-10,email,0
M00908,2025-11-25,in_app,0
M00908,2026-07-11,in_app,0
M00908,2026-06-07,email,0
M00908,2025-10-25,in_app,0
M00908,2026-01-14,push,0
M00908,2026-07-15,push,0
M00908,2026-02-18,email,0
M00908,2026-04-09,email,0
M00908,2025-10-12,push,0
M00909,2025-11-28,email,1
M00909,2025-12-23,in_app,1
M00909,2025-09-30,email,0
M00909,2026-03-18,push,1
M00909,2026-02-14,push,0
M00909,2025-10-10,email,1
M00910,2025-08-13,push,0
M00910,2025-10-09,in_app,0
M00910,2026-03-10,in_app,0
M00910,2026-05-07,email,0
M00911,2025-12-12,email,0
M00911,2026-05-02,in_app,0
M00911,2026-04-06,push,0
M00911,2026-06-30,email,0
M00911,2025-11-09,email,1
M00911,2025-08-28,in_app,0
M00911,2026-07-04,push,0
M00911,2026-04-22,in_app,0
M00912,2025-11-07,push,0
M00912,2025-11-24,email,0
M00912,2026-05-17,in_app,0
M00912,2026-02-06,push,0
M00912,2026-03-03,email,0
M00912,2026-07-08,email,0
M00912,2025-08-07,in_app,0
M00912,2025-10-05,push,0
M00912,2026-05-04,push,1
M00912,2026-02-27,push,1
M00912,2026-02-03,in_app,1
M00913,2025-12-19,email,1
M00913,2026-02-22,email,1
M00913,2026-05-12,email,1
M00913,2025-09-05,in_app,0
M00913,2026-03-02,email,1
M00913,2026-07-23,in_app,0
M00913,2025-09-17,email,1
M00914,2026-06-01,in_app,0
M00914,2026-06-09,email,1
M00914,2025-10-30,in_app,0
M00914,2025-12-22,push,0
M00914,2026-04-23,push,0
M00914,2025-08-11,in_app,1
M00914,2025-07-29,in_app,1
M00914,2026-07-07,in_app,0
M00914,2026-07-22,email,1
M00914,2025-10-12,in_app,1
M00914,2025-12-24,in_app,0
M00914,2026-01-24,email,0
M00914,2026-05-06,push,1
M00914,2025-11-09,push,0
M00914,2025-09-23,in_app,0
M00915,2026-01-27,email,0
M00915,2025-10-03,email,1
M00915,2025-11-07,in_app,0
M00915,2025-10-08,push,0
M00915,2026-03-15,email,1
M00915,2026-04-19,push,0
M00915,2025-09-14,email,0
M00915,2025-09-16,in_app,0
M00915,2025-09-24,push,0
M00915,2026-02-23,push,0
M00915,2026-05-22,email,0
M00916,2026-05-21,in_app,0
M00916,2026-07-16,push,1
M00916,2025-12-31,push,0
M00916,2026-02-13,push,1
M00916,2025-11-15,push,1
M00916,2026-06-01,in_app,0
M00916,2026-05-25,email,1
M00916,2025-08-17,email,0
M00916,2026-01-14,in_app,1
M00917,2026-04-04,in_app,0
M00917,2026-05-05,email,0
M00917,2025-09-02,push,0
M00917,2026-05-08,in_app,1
M00917,2026-02-26,email,1
M00917,2025-10-26,push,0
M00917,2026-05-24,in_app,0
M00917,2026-02-20,in_app,0
M00918,2026-02-08,email,0
M00918,2025-12-28,email,0
M00918,2026-01-13,push,0
M00918,2025-08-02,push,0
M00918,2026-07-19,email,1
M00918,2026-03-25,push,0
M00918,2025-08-11,email,0
M00918,2025-09-13,push,0
M00918,2025-09-02,email,1
M00918,2025-11-04,in_app,0
M00918,2025-08-31,push,0
M00919,2026-05-13,in_app,1
M00919,2026-05-24,email,1
M00919,2026-06-16,email,1
M00919,2026-01-15,push,1
M00919,2026-01-29,in_app,1
M00919,2025-09-03,in_app,0
M00919,2026-07-07,in_app,0
M00919,2026-05-13,in_app,1
M00920,2025-11-19,in_app,1
M00920,2026-03-02,email,1
M00920,2026-07-09,in_app,0
M00920,2026-02-01,email,1
M00921,2026-01-18,push,1
M00921,2026-01-13,push,0
M00921,2026-06-28,in_app,1
M00921,2026-04-11,push,0
M00921,2026-02-14,push,0
M00922,2025-08-17,push,0
M00922,2025-08-18,email,0
M00922,2026-06-12,push,0
M00922,2026-02-01,email,0
M00922,2026-06-12,in_app,1
M00922,2026-01-10,push,0
M00922,2026-04-03,email,0
M00922,2025-12-11,email,0
M00922,2025-12-25,push,1
M00922,2026-01-20,email,0
M00922,2025-10-29,in_app,0
M00923,2026-03-29,email,1
M00923,2026-01-06,email,0
M00923,2025-12-19,in_app,0
M00923,2026-02-28,in_app,0
M00923,2026-01-06,email,1
M00923,2026-05-02,push,0
M00923,2025-11-24,email,0
M00924,2026-06-14,push,0
M00924,2026-07-21,in_app,1
M00924,2025-09-03,in_app,1
M00924,2025-12-01,in_app,0
M00924,2026-06-18,in_app,1
M00924,2026-05-23,push,0
M00925,2025-09-10,email,0
M00925,2026-06-29,in_app,1
M00925,2026-04-21,push,1
M00925,2026-05-31,in_app,1
M00925,2025-08-07,in_app,1
M00925,2025-08-05,in_app,0
M00925,2025-10-27,in_app,0
M00925,2025-10-23,push,0
M00925,2025-12-06,in_app,0
M00925,2026-03-23,email,1
M00926,2025-07-30,email,0
M00926,2026-04-09,push,0
M00926,2026-01-23,push,0
M00926,2025-09-20,email,1
M00926,2026-01-21,in_app,0
M00926,2025-10-20,email,1
M00927,2026-01-11,push,0
M00927,2026-06-12,push,0
M00927,2026-05-06,push,0
M00927,2026-04-15,push,1
M00927,2025-12-17,email,1
M00927,2026-03-24,in_app,0
M00927,2026-01-19,push,1
M00927,2026-04-17,in_app,0
M00928,2025-12-17,push,0
M00928,2026-02-09,in_app,0
M00928,2025-10-19,in_app,0
M00929,2026-02-26,email,0
M00929,2026-06-09,email,0
M00929,2026-04-22,push,1
M00929,2025-10-18,in_app,0
M00929,2026-04-26,push,0
M00929,2025-11-07,push,0
M00929,2026-01-25,push,1
M00929,2026-04-20,push,0
M00929,2026-02-20,email,1
M00929,2026-01-28,email,0
M00929,2026-06-24,in_app,0
M00929,2026-06-09,push,1
M00929,2025-08-27,push,0
M00929,2025-10-07,push,1
M00929,2025-10-13,email,1
M00930,2025-09-07,email,0
M00930,2026-07-05,push,0
M00930,2025-12-23,email,1
M00930,2025-11-07,email,1
M00930,2025-07-29,in_app,0
M00931,2026-02-21,email,0
M00931,2025-12-30,email,0
M00931,2026-05-15,email,0
M00931,2026-05-12,push,0
M00931,2025-10-02,push,1
M00931,2025-10-29,in_app,0
M00931,2026-06-13,push,0
M00931,2026-01-01,in_app,0
M00931,2025-08-24,push,1
M00931,2025-11-19,in_app,1
M00931,2026-01-13,in_app,1
M00931,2026-03-11,in_app,0
M00931,2026-02-12,in_app,0
M00931,2025-08-17,email,0
M00931,2025-08-17,email,0
M00931,2025-11-30,email,0
M00932,2026-02-23,in_app,0
M00932,2026-06-08,push,0
M00932,2026-07-19,push,0
M00932,2025-09-30,in_app,1
M00932,2026-06-23,push,0
M00932,2026-04-28,in_app,0
M00932,2026-05-08,in_app,0
M00933,2025-11-18,push,1
M00933,2026-03-20,push,1
M00933,2026-07-16,in_app,1
M00933,2025-11-11,in_app,0
M00933,2025-08-08,push,0
M00933,2025-08-30,email,0
M00933,2025-09-07,email,0
M00933,2026-04-18,push,1
M00933,2025-11-04,push,1
M00933,2025-09-17,push,0
M00933,2025-12-29,in_app,1
M00933,2025-08-19,email,1
M00934,2026-02-26,push,1
M00934,2026-07-10,in_app,0
M00934,2025-12-29,email,0
M00934,2026-05-04,email,1
M00934,2026-06-03,in_app,0
M00934,2025-09-27,push,0
M00934,2025-09-05,push,1
M00935,2026-05-12,push,1
M00935,2025-08-12,email,0
M00935,2025-10-26,email,0
M00935,2025-07-30,push,0
M00935,2025-08-14,in_app,0
M00935,2026-02-27,in_app,0
M00935,2025-08-29,email,0
M00935,2026-05-03,email,0
M00935,2025-12-09,email,1
M00935,2025-11-24,email,0
M00935,2026-02-06,email,0
M00935,2025-10-18,push,0
M00935,2026-03-17,email,0
M00935,2025-11-01,in_app,0
M00935,2025-11-08,in_app,1
M00935,2025-09-03,email,0
M00935,2025-11-19,push,1
M00935,2026-03-27,push,0
M00935,2025-10-07,email,0
M00936,2025-09-19,push,1
M00936,2026-02-19,in_app,0
M00936,2026-03-30,email,1
M00936,2025-11-27,email,0
M00936,2026-04-16,push,0
M00936,2026-04-13,email,0
M00937,2026-07-23,push,0
M00937,2026-04-06,push,0
M00937,2026-06-20,in_app,1
M00937,2026-04-04,email,1
M00937,2026-05-15,email,1
M00937,2025-10-31,in_app,0
M00937,2025-11-21,in_app,0
M00937,2025-09-29,push,0
M00937,2025-09-15,in_app,1
M00937,2025-09-05,push,0
M00937,2025-12-13,email,1
M00938,2025-08-08,email,0
M00938,2025-08-08,in_app,0
M00938,2025-08-20,push,1
M00938,2025-08-03,email,0
M00938,2026-03-16,in_app,1
M00938,2026-04-27,push,1
M00938,2026-05-17,push,1
M00938,2025-08-14,in_app,0
M00938,2026-03-15,in_app,1
M00939,2025-12-11,email,1
M00939,2026-04-28,push,0
M00939,2026-07-15,push,0
M00939,2025-10-06,push,1
M00939,2026-03-16,email,0
M00939,2025-11-18,push,1
M00939,2025-08-11,email,0
M00939,2026-04-11,email,0
M00939,2025-08-03,email,1
M00939,2026-07-01,email,0
M00940,2026-03-14,in_app,0
M00940,2026-07-15,email,0
M00940,2026-03-18,push,1
M00940,2026-05-16,in_app,0
M00940,2025-10-07,push,1
M00940,2026-02-28,email,1
M00940,2026-03-16,push,0
M00940,2025-10-04,email,0
M00940,2026-04-30,push,0
M00940,2025-09-02,in_app,1
M00940,2026-03-21,email,1
M00940,2026-07-12,push,0
M00941,2025-09-06,email,0
M00941,2025-07-30,email,0
M00941,2026-04-15,push,0
M00941,2026-05-12,in_app,0
M00941,2026-05-16,in_app,0
M00941,2026-05-02,in_app,1
M00941,2026-04-29,in_app,0
M00941,2026-07-16,push,1
M00941,2026-05-09,in_app,1
M00941,2026-06-12,email,1
M00942,2025-12-22,in_app,0
M00942,2026-06-22,email,0
M00942,2026-03-27,in_app,0
M00943,2025-08-28,in_app,0
M00943,2026-07-04,in_app,1
M00943,2026-05-13,in_app,0
M00943,2026-06-25,push,1
M00943,2025-12-07,email,0
M00943,2025-08-06,push,1
M00944,2025-09-05,email,0
M00944,2026-04-07,in_app,0
M00944,2026-03-22,in_app,0
M00944,2026-05-05,in_app,0
M00944,2025-10-18,in_app,1
M00944,2026-04-29,in_app,0
M00945,2025-10-16,email,1
M00945,2026-02-21,push,1
M00945,2025-07-30,in_app,1
M00945,2026-03-09,in_app,1
M00945,2026-03-06,email,0
M00945,2026-05-12,email,1
M00945,2026-04-26,push,1
M00946,2025-10-14,email,1
M00946,2026-01-07,in_app,0
M00946,2025-12-18,push,1
M00946,2026-02-16,in_app,1
M00946,2025-07-26,in_app,0
M00946,2025-10-15,in_app,0
M00946,2026-06-16,email,0
M00946,2026-04-18,email,0
M00947,2026-01-31,in_app,1
M00947,2026-03-12,email,1
M00947,2025-11-24,push,1
M00947,2026-02-23,email,1
M00947,2026-05-31,push,1
M00947,2025-12-12,in_app,1
M00947,2025-11-01,push,1
M00947,2026-05-04,in_app,1
M00947,2025-09-04,push,1
M00948,2025-11-05,push,0
M00948,2026-04-09,email,0
M00948,2025-10-04,push,1
M00948,2025-11-20,push,1
M00948,2026-07-21,in_app,0
M00948,2026-06-25,push,0
M00948,2026-06-18,in_app,0
M00948,2025-09-03,push,0
M00949,2025-10-19,in_app,0
M00949,2026-03-05,email,0
M00949,2026-06-10,push,0
M00949,2026-06-01,email,0
M00949,2026-05-05,in_app,1
M00949,2026-05-08,in_app,0
M00950,2026-01-15,push,1
M00950,2026-04-02,email,0
M00950,2025-12-24,push,1
M00950,2026-07-08,in_app,1
M00950,2026-01-20,push,1
M00950,2025-11-11,in_app,0
M00950,2026-06-20,email,0
M00951,2026-01-30,in_app,0
M00951,2026-06-11,email,0
M00951,2026-03-31,email,0
M00951,2025-12-05,email,0
M00951,2025-08-04,push,0
M00952,2026-01-22,push,0
M00952,2025-10-18,push,1
M00952,2025-12-03,push,1
M00953,2026-03-21,push,1
M00953,2026-05-12,email,1
M00953,2026-04-20,in_app,0
M00953,2026-03-07,email,0
M00953,2026-05-21,in_app,0
M00953,2026-03-12,push,0
M00953,2026-01-11,in_app,0
M00954,2026-05-19,push,1
M00954,2025-10-14,in_app,0
M00954,2025-08-26,push,0
M00954,2025-11-08,push,0
M00954,2026-03-31,push,0
M00954,2025-07-27,email,1
M00954,2026-04-16,email,1
M00954,2025-11-04,email,1
M00954,2026-04-21,in_app,1
M00955,2026-02-24,push,0
M00955,2025-12-07,in_app,1
M00955,2025-10-05,push,1
M00955,2026-03-14,email,0
M00955,2026-07-18,push,1
M00955,2026-02-16,in_app,1
M00955,2025-09-08,in_app,0
M00956,2025-12-23,push,1
M00956,2025-09-17,email,0
M00956,2026-07-07,email,1
M00956,2025-09-12,in_app,1
M00956,2026-02-06,push,0
M00956,2025-08-17,email,0
M00956,2025-08-03,push,0
M00956,2026-01-08,push,0
M00956,2025-12-07,push,0
M00956,2026-01-11,push,0
M00957,2026-07-19,email,0
M00957,2026-05-11,push,1
M00957,2025-12-13,in_app,0
M00957,2026-07-08,push,0
M00957,2025-12-15,in_app,0
M00957,2026-02-08,in_app,0
M00957,2025-11-21,email,0
M00957,2025-11-09,push,0
M00957,2026-07-20,push,0
M00957,2026-01-30,in_app,0
M00957,2026-01-02,push,0
M00958,2026-02-12,email,0
M00958,2025-09-17,email,0
M00958,2026-05-12,push,0
M00958,2026-06-07,push,0
M00958,2025-08-08,push,0
M00958,2026-02-11,email,0
M00959,2026-03-26,email,0
M00959,2025-12-06,in_app,0
M00959,2026-03-14,push,0
M00959,2025-08-26,push,1
M00959,2025-12-12,push,1
M00959,2025-10-22,in_app,1
M00959,2026-04-13,in_app,1
M00959,2026-06-20,email,0
M00959,2026-03-25,email,1
M00959,2026-07-23,push,0
M00960,2025-11-07,in_app,0
M00960,2026-07-19,in_app,0
M00960,2025-09-01,in_app,0
M00960,2026-05-28,email,1
M00960,2026-07-21,email,1
M00960,2025-10-26,email,0
M00960,2026-02-19,email,1
M00960,2025-08-24,push,0
M00960,2025-12-18,in_app,1
M00960,2025-08-20,in_app,0
M00960,2026-06-14,in_app,1
M00960,2025-10-28,push,0
M00961,2025-08-30,push,1
M00961,2025-09-18,email,0
M00961,2026-02-12,in_app,0
M00961,2025-10-29,in_app,0
M00961,2026-03-19,push,0
M00961,2026-07-03,in_app,0
M00961,2026-05-09,in_app,1
M00961,2026-01-11,email,1
M00961,2026-03-09,email,1
M00961,2025-12-05,in_app,0
M00961,2026-03-31,push,0
M00961,2026-07-10,in_app,0
M00961,2025-09-20,email,1
M00961,2025-08-01,email,0
M00961,2026-05-11,email,1
M00961,2025-10-23,push,0
M00962,2026-01-13,push,1
M00962,2026-05-01,push,0
M00962,2025-07-26,in_app,0
M00962,2026-05-18,in_app,1
M00962,2026-06-10,in_app,1
M00962,2026-01-08,email,0
M00962,2026-02-04,email,1
M00962,2026-03-17,email,0
M00963,2025-12-28,email,1
M00963,2026-04-07,email,0
M00963,2026-04-19,in_app,1
M00963,2026-06-11,email,1
M00963,2025-07-28,in_app,1
M00963,2026-05-12,in_app,0
M00963,2026-03-26,push,1
M00963,2025-10-15,email,0
M00963,2025-10-28,email,0
M00963,2026-07-04,in_app,1
M00963,2026-06-17,push,1
M00963,2025-11-03,push,1
M00963,2026-07-04,in_app,1
M00963,2026-02-09,email,0
M00964,2025-09-29,push,0
M00964,2025-12-09,in_app,0
M00964,2026-02-28,email,0
M00964,2025-08-16,push,0
M00964,2026-03-31,email,0
M00964,2026-01-08,email,1
M00964,2026-02-16,in_app,0
M00965,2026-05-10,push,0
M00965,2025-08-17,push,0
M00965,2026-07-19,email,1
M00965,2025-09-18,email,1
M00965,2026-02-19,push,0
M00965,2026-05-25,in_app,1
M00965,2026-07-04,email,0
M00965,2026-05-27,email,0
M00965,2026-06-17,in_app,0
M00965,2026-04-13,email,1
M00965,2025-08-18,push,1
M00965,2025-12-01,push,1
M00966,2025-12-11,push,0
M00966,2026-04-23,in_app,1
M00966,2025-07-28,email,1
M00966,2026-01-07,email,1
M00966,2026-02-22,push,0
M00966,2026-03-18,email,0
M00966,2025-09-24,in_app,0
M00967,2026-02-01,in_app,0
M00967,2026-04-11,in_app,1
M00967,2025-08-25,push,1
M00967,2026-02-19,email,0
M00967,2026-06-01,email,0
M00967,2026-01-19,in_app,0
M00967,2026-04-06,in_app,0
M00967,2026-05-13,email,1
M00967,2025-08-08,push,0
M00968,2026-04-01,email,1
M00968,2026-02-15,push,0
M00968,2026-07-23,email,0
M00968,2026-02-20,push,0
M00968,2025-11-25,in_app,0
M00968,2025-12-06,in_app,0
M00968,2025-11-02,email,0
M00968,2026-05-19,email,0
M00968,2026-02-04,email,0
M00968,2025-07-29,in_app,0
M00968,2026-02-18,email,1
M00968,2025-08-18,email,0
M00968,2025-08-10,push,0
M00969,2026-04-16,in_app,0
M00969,2026-07-07,in_app,1
M00969,2025-11-30,in_app,0
M00969,2026-07-20,push,1
M00969,2025-09-01,in_app,0
M00969,2026-04-01,email,0
M00969,2026-05-27,in_app,1
M00969,2026-04-10,email,1
M00969,2026-01-26,push,0
M00970,2026-04-26,push,0
M00970,2026-02-24,in_app,1
M00970,2026-03-09,push,1
M00970,2026-03-04,email,1
M00970,2026-04-01,email,0
M00970,2026-06-18,push,1
M00970,2025-11-14,push,0
M00970,2026-04-20,email,1
M00970,2026-06-24,in_app,1
M00971,2026-07-17,in_app,0
M00971,2025-11-05,push,0
M00971,2025-09-22,in_app,0
M00971,2026-02-20,in_app,1
M00972,2026-01-21,in_app,1
M00972,2025-11-23,push,0
M00972,2026-01-03,push,1
M00972,2026-06-24,push,1
M00972,2026-01-21,in_app,1
M00972,2026-06-14,email,0
M00972,2026-02-13,push,1
M00973,2025-09-17,in_app,1
M00973,2026-06-16,push,1
M00973,2025-10-05,email,1
M00973,2025-11-24,push,0
M00973,2026-05-15,email,1
M00973,2026-05-03,email,1
M00973,2026-07-19,in_app,1
M00973,2026-01-08,email,1
M00974,2025-09-13,in_app,0
M00974,2026-03-01,push,0
M00974,2026-04-30,email,0
M00974,2025-08-02,in_app,0
M00974,2026-06-09,email,1
M00975,2026-07-06,email,1
M00975,2026-05-19,email,0
M00975,2025-09-20,email,0
M00975,2026-05-29,in_app,0
M00975,2026-02-21,email,1
M00975,2025-12-10,push,0
M00975,2025-12-04,in_app,0
M00975,2026-01-23,in_app,0
M00975,2026-06-01,push,1
M00976,2026-04-02,email,1
M00976,2025-08-11,in_app,1
M00976,2026-04-24,push,1
M00976,2025-09-12,push,1
M00976,2026-05-17,in_app,0
M00976,2025-11-11,email,0
M00976,2025-12-04,email,0
M00976,2026-04-13,in_app,0
M00977,2026-05-25,in_app,1
M00977,2025-11-03,push,1
M00977,2026-06-21,in_app,0
M00977,2026-03-23,in_app,0
M00977,2025-08-17,email,0
M00977,2025-09-08,push,1
M00977,2026-04-02,in_app,0
M00977,2025-08-12,email,0
M00977,2026-03-26,in_app,0
M00978,2025-11-19,push,1
M00978,2026-01-24,email,1
M00978,2025-10-12,email,0
M00978,2026-07-01,in_app,1
M00978,2025-10-02,push,0
M00978,2025-07-23,email,0
M00978,2025-12-12,push,0
M00978,2026-06-25,email,1
M00978,2026-03-01,email,0
M00978,2026-03-21,in_app,0
M00978,2025-07-26,push,0
M00978,2025-09-12,email,0
M00978,2026-01-08,in_app,1
M00979,2026-02-23,in_app,0
M00979,2025-08-28,in_app,0
M00979,2025-08-09,in_app,0
M00979,2026-04-01,push,1
M00979,2025-08-24,in_app,0
M00979,2025-10-04,email,1
M00979,2025-08-15,in_app,1
M00979,2025-12-30,email,0
M00979,2026-03-06,in_app,1
M00979,2025-12-16,push,0
M00980,2026-06-18,in_app,0
M00980,2025-10-03,email,1
M00980,2026-01-11,email,0
M00980,2025-10-12,push,0
M00980,2026-01-23,push,1
M00980,2026-03-27,push,1
M00980,2025-09-16,email,0
M00980,2025-12-20,in_app,0
M00981,2025-09-26,in_app,0
M00981,2026-01-30,in_app,0
M00981,2025-11-23,push,0
M00981,2025-07-29,email,0
M00981,2026-05-14,push,0
M00981,2026-06-08,push,0
M00981,2025-12-26,email,0
M00981,2026-05-04,push,1
M00981,2026-06-11,in_app,0
M00982,2026-01-18,email,0
M00982,2026-05-08,in_app,1
M00982,2025-09-02,push,1
M00982,2026-03-06,push,0
M00982,2026-04-26,push,1
M00982,2026-04-03,email,1
M00982,2025-10-26,push,0
M00982,2025-10-29,in_app,0
M00983,2026-03-24,in_app,1
M00983,2026-05-20,in_app,1
M00983,2025-08-23,email,1
M00983,2026-05-26,email,1
M00983,2025-08-13,in_app,1
M00983,2026-01-03,in_app,1
M00983,2026-05-29,in_app,1
M00983,2026-06-17,in_app,0
M00983,2025-12-15,push,1
M00983,2026-06-22,in_app,1
M00983,2025-08-15,push,1
M00983,2026-03-20,email,0
M00984,2026-03-14,in_app,0
M00984,2026-02-23,email,1
M00984,2026-02-14,in_app,0
M00984,2025-10-18,email,0
M00984,2025-12-09,email,0
M00984,2026-05-30,in_app,0
M00984,2025-10-20,in_app,0
M00984,2026-01-27,in_app,0
M00984,2025-11-22,email,0
M00984,2026-02-03,in_app,1
M00984,2026-05-12,push,0
M00984,2026-04-12,email,1
M00984,2026-02-21,in_app,0
M00984,2025-11-24,push,1
M00984,2025-10-17,push,0
M00985,2025-10-05,in_app,1
M00985,2026-01-05,in_app,0
M00985,2025-12-12,in_app,0
M00985,2025-08-03,in_app,1
M00985,2026-04-14,in_app,0
M00985,2025-11-09,push,0
M00985,2025-10-05,email,1
M00985,2026-02-16,email,0
M00986,2026-05-10,email,1
M00986,2026-02-11,email,1
M00986,2025-08-18,in_app,0
M00986,2025-07-28,in_app,0
M00986,2026-03-03,in_app,0
M00986,2026-03-01,email,1
M00986,2025-09-16,in_app,0
M00987,2026-05-10,email,0
M00987,2025-10-22,email,0
M00987,2025-10-21,email,0
M00988,2026-03-10,push,1
M00988,2026-01-22,email,0
M00988,2026-04-02,push,0
M00988,2026-07-19,email,0
M00988,2026-01-15,push,1
M00988,2026-02-18,in_app,1
M00988,2026-06-26,in_app,1
M00989,2025-11-23,email,0
M00989,2025-11-13,in_app,0
M00989,2026-01-28,in_app,0
M00989,2026-06-07,push,0
M00989,2026-04-06,in_app,0
M00989,2025-08-11,in_app,0
M00989,2025-11-14,email,0
M00989,2026-02-03,push,0
M00989,2025-10-11,email,0
M00989,2026-06-05,in_app,0
M00989,2026-06-19,in_app,1
M00989,2026-05-31,in_app,0
M00990,2026-02-21,email,0
M00990,2025-07-29,in_app,0
M00990,2026-03-20,in_app,1
M00990,2025-08-07,in_app,0
M00990,2026-03-18,push,1
M00990,2026-06-03,push,0
M00990,2025-07-30,in_app,0
M00991,2026-02-01,email,0
M00991,2025-07-30,email,0
M00991,2026-05-25,in_app,0
M00991,2025-12-29,email,0
M00991,2026-07-09,push,0
M00991,2026-06-21,in_app,0
M00991,2026-06-24,push,1
M00992,2026-01-31,push,0
M00992,2025-12-20,email,0
M00992,2025-08-12,email,0
M00992,2026-01-22,push,1
M00992,2026-07-05,in_app,0
M00992,2026-05-04,push,0
M00992,2026-03-12,push,0
M00992,2026-02-24,in_app,1
M00992,2026-03-13,email,1
M00992,2026-04-15,in_app,0
M00993,2025-08-22,push,1
M00993,2026-03-03,in_app,0
M00993,2025-12-10,email,0
M00993,2026-03-30,push,0
M00993,2025-10-14,push,0
M00993,2026-04-05,push,0
M00993,2026-02-08,email,0
M00994,2026-03-16,email,0
M00994,2025-09-06,push,0
M00994,2026-04-06,push,0
M00994,2025-08-19,in_app,1
M00994,2026-05-28,push,0
M00994,2026-07-14,push,0
M00994,2025-10-07,push,0
M00994,2026-02-13,push,0
M00994,2026-07-06,email,0
M00994,2026-03-14,email,0
M00994,2026-05-02,in_app,0
M00995,2026-05-10,in_app,0
M00995,2025-10-06,push,0
M00995,2026-03-28,email,1
M00995,2025-11-14,in_app,1
M00995,2026-05-24,push,0
M00995,2025-09-27,push,0
M00995,2025-10-19,email,1
M00995,2025-11-06,push,1
M00995,2026-05-15,in_app,1
M00996,2026-03-07,push,0
M00996,2026-05-29,in_app,1
M00996,2026-07-07,push,0
M00996,2025-08-27,in_app,0
M00996,2026-03-30,email,0
M00996,2026-06-23,push,1
M00996,2025-10-07,in_app,1
M00996,2026-06-09,push,1
M00996,2026-01-09,push,0
M00997,2026-02-20,push,1
M00997,2026-01-18,push,0
M00997,2026-07-04,in_app,0
M00997,2026-05-11,in_app,0
M00997,2025-12-03,push,0
M00997,2025-12-24,push,0
M00997,2025-09-07,email,0
M00997,2026-01-11,in_app,0
M00997,2026-02-02,in_app,0
M00998,2025-12-16,in_app,0
M00998,2026-07-19,push,0
M00998,2025-11-09,email,0
M00998,2025-08-14,push,1
M00998,2026-06-18,push,0
M00998,2026-02-16,push,0
M00998,2026-04-30,in_app,0
M00998,2026-01-20,push,0
M00998,2025-08-11,in_app,0
M00998,2026-02-25,push,0
M00998,2026-03-08,push,0
M00998,2026-04-13,email,0
M00998,2026-01-12,push,1
M00999,2025-07-23,push,0
M00999,2025-10-26,email,1
M00999,2026-02-05,push,1
M00999,2026-04-16,in_app,1
M00999,2025-11-02,push,0
M00999,2025-09-27,push,1
M00999,2026-06-15,push,0
M00999,2026-06-19,push,0
M00999,2025-11-06,in_app,0
M00999,2025-09-23,in_app,0
M00999,2025-09-20,in_app,0
M00999,2026-07-22,in_app,1
M00999,2026-05-03,push,1
M00999,2026-01-05,in_app,0
M00999,2025-09-18,push,1
M00999,2026-01-17,in_app,0
M01000,2026-04-20,email,1
M01000,2026-04-11,in_app,1
M01000,2025-12-12,push,1
M01000,2026-03-28,email,1
M01000,2026-04-16,push,1
M01000,2026-02-13,in_app,0
M01000,2026-05-14,push,0
M01000,2026-01-18,in_app,0
M01000,2025-12-25,in_app,0
M01000,2025-09-02,push,0
M01001,2025-10-02,email,1
M01001,2026-05-20,email,1
M01001,2026-01-15,email,1
M01001,2025-11-01,email,1
M01001,2025-11-20,email,0
M01001,2025-11-20,email,1
M01001,2026-01-04,in_app,1
M01002,2025-11-27,push,0
M01002,2025-09-25,email,0
M01002,2026-03-06,email,0
M01002,2026-07-21,email,0
M01002,2025-09-11,in_app,0
M01002,2026-05-16,in_app,0
M01002,2026-06-13,in_app,0
M01003,2026-05-31,push,0
M01003,2026-06-21,email,1
M01003,2025-09-17,push,0
M01003,2025-09-22,push,0
M01003,2026-04-18,email,0
M01003,2025-09-27,push,0
M01004,2026-02-08,push,0
M01004,2025-10-20,push,0
M01004,2025-11-01,push,0
M01004,2026-01-05,push,0
M01004,2025-10-18,in_app,1
M01004,2026-01-18,email,0
M01004,2026-01-25,push,0
M01004,2025-09-16,push,0
M01004,2025-11-14,in_app,0
M01004,2026-04-18,email,0
M01004,2026-06-09,email,0
M01004,2026-03-20,push,0
M01005,2025-09-30,email,1
M01005,2025-11-16,in_app,1
M01005,2026-02-04,push,1
M01005,2026-05-07,email,0
M01005,2025-11-20,in_app,1
M01005,2026-03-28,email,0
M01005,2025-10-14,in_app,0
M01005,2026-03-24,in_app,1
M01005,2026-07-07,email,0
M01005,2025-09-10,push,0
M01005,2025-08-03,push,0
M01006,2025-12-17,email,0
M01006,2026-01-08,push,0
M01006,2026-02-25,push,0
M01006,2026-02-08,push,1
M01006,2026-02-28,email,1
M01006,2025-11-07,push,1
M01006,2025-08-11,in_app,0
M01006,2025-10-10,push,0
M01007,2026-02-07,email,1
M01007,2025-08-15,email,0
M01007,2026-01-21,push,1
M01007,2026-04-09,push,0
M01007,2026-04-15,push,1
M01007,2025-11-17,in_app,1
M01008,2026-03-11,in_app,0
M01008,2026-01-27,in_app,1
M01008,2025-12-08,in_app,1
M01008,2026-01-02,push,0
M01008,2026-07-02,in_app,0
M01008,2026-05-24,email,0
M01008,2026-07-10,in_app,1
M01008,2026-04-02,push,1
M01008,2026-02-16,in_app,1
M01008,2026-01-21,in_app,1
M01008,2026-01-18,in_app,0
M01008,2025-11-11,email,1
M01009,2026-02-12,email,1
M01009,2026-05-12,in_app,1
M01009,2025-08-17,email,1
M01009,2026-04-12,push,1
M01009,2026-03-04,email,0
M01009,2026-02-20,email,0
M01009,2025-12-13,email,0
M01009,2026-03-08,in_app,0
M01010,2025-11-30,email,0
M01010,2025-11-01,email,0
M01010,2025-12-09,email,0
M01010,2025-11-13,email,1
M01010,2025-09-23,in_app,0
M01010,2025-09-26,email,1
M01010,2026-04-08,in_app,1
M01010,2025-11-17,email,0
M01010,2025-10-06,email,0
M01011,2026-04-10,push,0
M01011,2026-02-15,in_app,1
M01011,2025-10-09,push,0
M01011,2026-06-18,in_app,0
M01011,2025-07-26,email,0
M01011,2025-10-19,email,1
M01011,2025-12-17,in_app,1
M01011,2025-12-31,in_app,0
M01011,2026-06-13,push,0
M01011,2025-11-10,email,0
M01012,2026-02-18,email,0
M01012,2026-05-25,email,0
M01012,2025-09-02,email,0
M01012,2026-01-01,push,0
M01012,2026-02-28,push,0
M01012,2026-03-10,push,0
M01013,2026-01-18,email,0
M01013,2026-05-23,in_app,1
M01013,2025-08-08,in_app,0
M01013,2025-12-11,email,0
M01013,2025-10-09,in_app,1
M01013,2025-10-02,email,0
M01013,2025-08-25,in_app,0
M01013,2025-08-08,push,0
M01013,2026-04-26,in_app,0
M01013,2025-09-14,in_app,0
M01013,2026-01-04,email,1
M01013,2026-06-20,email,1
M01013,2026-03-20,email,0
M01014,2026-04-13,email,0
M01014,2026-01-04,push,1
M01014,2026-06-05,push,1
M01014,2025-11-12,email,1
M01014,2026-02-16,in_app,0
M01014,2026-04-11,in_app,0
M01015,2025-10-22,push,0
M01015,2026-06-02,push,1
M01015,2026-02-20,in_app,1
M01015,2025-10-05,in_app,0
M01015,2026-06-08,email,0
M01015,2025-12-23,email,0
M01015,2026-03-05,push,0
M01015,2026-02-11,in_app,1
M01015,2025-10-30,in_app,0
M01016,2026-06-03,email,0
M01016,2026-03-17,push,1
M01016,2026-06-17,in_app,0
M01016,2026-06-29,email,0
M01016,2026-05-25,email,1
M01016,2025-10-29,push,0
M01016,2025-10-25,in_app,1
M01016,2026-03-15,email,0
M01016,2026-05-19,email,1
M01016,2026-07-16,push,0
M01016,2025-11-28,push,0
M01016,2026-01-28,email,0
M01016,2025-10-19,in_app,0
M01017,2025-11-06,email,0
M01017,2026-07-22,email,0
M01017,2025-10-06,in_app,0
M01017,2026-06-30,push,0
M01017,2025-07-29,email,0
M01017,2025-09-19,push,1
M01017,2026-06-23,push,0
M01017,2026-02-02,email,0
M01017,2026-05-20,email,1
M01018,2026-04-24,email,0
M01018,2026-04-19,push,0
M01018,2026-01-12,in_app,0
M01018,2025-11-18,email,0
M01018,2025-09-12,in_app,0
M01018,2026-04-11,push,0
M01018,2026-01-12,email,0
M01018,2026-05-17,push,0
M01018,2026-04-25,in_app,0
M01018,2026-07-06,push,1
M01018,2025-10-14,push,0
M01018,2025-10-21,email,1
M01018,2026-02-03,push,0
M01019,2026-03-23,push,1
M01019,2025-12-15,push,1
M01019,2025-10-12,push,1
M01019,2025-09-19,in_app,0
M01019,2026-06-02,push,0
M01019,2026-07-18,email,0
M01019,2026-07-21,push,0
M01019,2025-08-02,in_app,0
M01019,2026-06-08,in_app,0
M01019,2026-01-07,in_app,1
M01020,2026-03-12,push,0
M01020,2026-01-19,in_app,0
M01020,2026-05-16,email,0
M01020,2025-12-13,in_app,0
M01020,2025-10-03,in_app,1
M01020,2026-06-25,push,1
M01020,2025-11-10,in_app,0
M01020,2026-01-29,in_app,0
M01020,2026-07-17,in_app,0
M01020,2025-10-28,push,0
M01021,2026-04-23,in_app,0
M01021,2025-09-15,push,0
M01021,2026-02-15,push,0
M01021,2025-09-16,in_app,0
M01021,2025-11-04,in_app,0
M01021,2025-11-12,push,0
M01021,2025-12-11,push,0
M01021,2026-03-28,email,0
M01021,2025-10-29,in_app,1
M01021,2025-08-03,email,1
M01021,2026-05-28,push,0
M01022,2025-12-26,in_app,1
M01022,2026-06-10,email,1
M01022,2025-09-04,email,1
M01022,2026-04-09,email,1
M01022,2026-02-05,in_app,0
M01022,2026-06-20,push,0
M01022,2026-03-05,email,1
M01023,2026-02-06,push,1
M01023,2025-10-03,email,1
M01023,2026-01-05,email,0
M01023,2026-06-01,email,0
M01023,2026-07-23,email,1
M01023,2026-02-20,email,1
M01023,2026-04-25,push,1
M01023,2026-04-27,in_app,1
M01023,2025-07-23,in_app,1
M01023,2026-05-24,push,1
M01023,2026-03-13,email,0
M01023,2025-10-07,email,0
M01023,2025-10-29,email,0
M01023,2025-11-26,push,0
M01023,2026-06-30,push,1
M01024,2026-05-01,in_app,0
M01024,2026-04-08,in_app,0
M01024,2026-03-28,push,0
M01024,2026-02-25,push,1
M01024,2026-06-17,in_app,0
M01024,2026-04-13,email,0
M01024,2026-01-22,email,0
M01024,2025-10-10,push,1
M01025,2026-04-17,push,0
M01025,2026-01-12,in_app,1
M01025,2025-12-20,in_app,0
M01025,2025-11-16,push,1
M01025,2026-04-18,push,0
M01025,2026-01-22,email,0
M01025,2026-03-14,email,0
M01026,2025-10-10,in_app,0
M01026,2025-12-09,in_app,0
M01026,2026-01-07,email,1
M01026,2026-07-07,in_app,0
M01026,2026-05-08,in_app,0
M01026,2026-02-09,in_app,0
M01026,2026-05-07,in_app,0
M01026,2026-03-18,email,0
M01026,2026-02-25,in_app,0
M01026,2026-03-18,email,0
M01026,2025-07-23,in_app,0
M01027,2026-02-12,email,0
M01027,2025-11-24,email,0
M01027,2026-03-08,email,0
M01027,2026-05-07,in_app,0
M01027,2026-02-01,in_app,0
M01027,2025-08-14,email,0
M01028,2025-11-16,push,1
M01028,2025-08-14,in_app,1
M01028,2025-10-17,email,0
M01028,2026-02-27,push,0
M01028,2026-06-10,email,1
M01028,2026-04-07,email,0
M01028,2025-08-18,push,0
M01028,2026-06-14,email,0
M01029,2025-10-25,push,1
M01029,2025-12-06,in_app,0
M01029,2026-02-22,email,0
M01029,2026-05-18,in_app,1
M01029,2026-04-14,email,0
M01029,2026-04-01,push,0
M01029,2026-02-16,in_app,0
M01029,2025-09-16,in_app,0
M01029,2025-12-31,email,0
M01029,2026-02-07,push,0
M01029,2026-07-11,push,0
M01030,2025-11-24,email,0
M01030,2026-04-25,in_app,0
M01030,2026-02-27,push,1
M01030,2025-09-06,in_app,0
M01030,2026-06-30,push,1
M01030,2026-03-14,email,1
M01030,2026-05-11,email,0
M01030,2026-03-19,email,0
M01030,2026-03-17,push,0
M01030,2026-05-14,email,1
M01030,2026-02-15,in_app,0
M01030,2026-03-09,in_app,0
M01030,2026-06-25,in_app,1
M01030,2026-02-17,in_app,1
M01030,2026-04-18,in_app,0
M01030,2025-09-03,push,1
M01030,2025-08-14,push,0
M01030,2025-09-26,in_app,1
M01031,2026-04-24,email,0
M01031,2026-04-07,email,1
M01031,2026-04-09,in_app,0
M01031,2026-06-26,push,1
M01031,2026-02-26,in_app,0
M01032,2026-01-08,push,0
M01032,2025-10-08,in_app,1
M01032,2025-07-24,email,0
M01032,2026-01-29,in_app,0
M01032,2026-07-08,push,0
M01032,2025-11-19,email,1
M01032,2025-12-18,push,0
M01033,2025-08-10,push,0
M01033,2026-07-08,email,0
M01033,2025-12-13,email,0
M01033,2026-04-15,push,1
M01033,2025-09-27,in_app,1
M01033,2026-05-01,push,0
M01033,2025-08-24,in_app,1
M01033,2026-06-01,push,1
M01033,2026-06-08,push,0
M01033,2025-09-16,push,0
M01033,2025-10-15,in_app,0
M01033,2025-10-04,email,1
M01033,2026-01-15,push,1
M01033,2026-07-19,in_app,1
M01034,2026-03-08,email,1
M01034,2025-09-22,in_app,1
M01034,2025-08-19,email,1
M01034,2026-07-16,in_app,1
M01034,2026-07-10,in_app,0
M01034,2025-11-17,in_app,0
M01034,2025-11-14,push,1
M01034,2026-05-04,push,1
M01034,2025-09-02,push,1
M01034,2025-09-15,email,1
M01034,2026-03-20,in_app,0
M01034,2026-05-25,in_app,1
M01035,2026-03-29,email,0
M01035,2026-06-15,email,1
M01035,2025-11-16,email,0
M01035,2026-04-06,push,0
M01035,2025-08-31,in_app,0
M01035,2026-05-10,in_app,1
M01036,2025-11-14,in_app,0
M01036,2026-02-11,push,0
M01036,2026-01-07,email,0
M01036,2026-07-07,in_app,0
M01036,2026-05-14,email,0
M01036,2026-01-05,push,0
M01036,2026-04-08,push,0
M01036,2025-09-23,in_app,0
M01036,2025-09-22,email,0
M01037,2026-05-08,push,0
M01037,2025-10-21,push,0
M01037,2026-05-25,email,1
M01037,2026-04-21,in_app,1
M01037,2025-07-25,push,1
M01037,2025-10-12,email,1
M01037,2025-11-03,push,1
M01037,2026-02-03,in_app,0
M01037,2025-08-20,in_app,1
M01037,2026-06-26,push,1
M01038,2025-11-21,email,0
M01038,2026-05-16,in_app,1
M01038,2026-04-03,email,0
M01038,2026-04-07,email,0
M01038,2025-10-12,push,0
M01038,2025-11-14,push,0
M01038,2025-09-06,in_app,0
M01038,2025-08-14,in_app,0
M01039,2025-10-07,in_app,0
M01039,2025-11-09,in_app,0
M01039,2025-11-26,push,0
M01039,2026-03-22,push,0
M01039,2025-08-01,email,0
M01039,2025-12-02,email,0
M01039,2025-12-29,in_app,0
M01039,2025-09-17,push,0
M01039,2025-11-21,in_app,0
M01040,2026-07-13,push,0
M01040,2026-06-27,push,0
M01040,2026-01-05,email,1
M01040,2026-06-09,push,0
M01040,2025-08-07,in_app,1
M01041,2025-12-07,in_app,0
M01041,2026-02-15,in_app,0
M01041,2025-08-29,in_app,0
M01041,2026-01-18,in_app,0
M01041,2025-09-03,push,0
M01041,2026-02-11,in_app,1
M01041,2026-04-05,push,1
M01041,2026-02-10,email,0
M01042,2026-06-21,in_app,1
M01042,2026-02-21,email,0
M01042,2026-02-06,push,1
M01042,2025-09-25,in_app,0
M01042,2025-10-31,email,0
M01042,2025-10-29,email,0
M01042,2026-07-16,email,1
M01042,2026-05-24,in_app,0
M01042,2025-07-25,in_app,0
M01042,2025-11-13,email,1
M01042,2026-07-17,in_app,0
M01043,2026-06-12,push,0
M01043,2026-04-03,in_app,1
M01043,2025-10-27,in_app,0
M01043,2026-05-18,email,0
M01043,2026-05-17,in_app,0
M01043,2026-03-22,in_app,0
M01043,2026-03-20,email,0
M01044,2026-04-14,push,0
M01044,2026-03-01,in_app,0
M01044,2026-01-03,email,0
M01044,2025-11-15,push,1
M01044,2026-07-08,push,1
M01044,2025-08-18,push,1
M01044,2025-08-25,email,0
M01044,2025-12-29,email,0
M01044,2026-06-22,in_app,1
M01044,2026-06-29,email,0
M01044,2026-07-04,push,0
M01044,2026-01-21,email,1
M01044,2026-04-24,email,1
M01045,2026-01-19,email,0
M01045,2026-04-17,email,0
M01045,2025-10-10,email,0
M01045,2025-12-16,push,0
M01045,2025-11-14,email,0
M01045,2026-06-22,push,0
M01045,2026-04-27,in_app,1
M01045,2026-01-06,in_app,0
M01045,2026-03-28,push,0
M01045,2026-02-14,in_app,1
M01046,2025-12-23,email,1
M01046,2026-05-04,email,1
M01046,2025-09-06,email,1
M01046,2025-12-06,email,0
M01046,2026-01-06,in_app,1
M01046,2026-06-01,push,1
M01046,2025-12-06,in_app,1
M01046,2026-02-08,in_app,1
M01047,2026-01-17,push,0
M01047,2026-06-08,in_app,0
M01047,2026-01-19,in_app,0
M01047,2026-05-27,email,0
M01047,2026-05-18,push,0
M01047,2025-08-26,push,1
M01047,2025-08-07,email,0
M01047,2025-10-18,email,1
M01047,2026-05-09,in_app,1
M01047,2026-02-22,email,0
M01047,2025-11-13,email,0
M01047,2026-04-11,email,0
M01047,2026-06-11,email,0
M01047,2026-07-18,push,1
M01047,2026-02-07,push,0
M01047,2025-07-24,in_app,1
M01048,2026-05-14,push,0
M01048,2026-05-27,in_app,1
M01048,2025-10-17,push,1
M01048,2026-03-13,push,0
M01048,2025-10-14,email,0
M01048,2026-04-29,in_app,0
M01048,2026-01-20,email,0
M01048,2025-08-13,in_app,0
M01048,2025-11-26,in_app,0
M01048,2025-10-26,email,1
M01049,2026-01-06,in_app,1
M01049,2026-02-11,in_app,0
M01049,2026-06-05,in_app,1
M01049,2025-11-25,in_app,0
M01049,2026-07-23,push,0
M01049,2026-05-22,email,1
M01049,2025-09-26,in_app,1
M01049,2026-01-13,email,1
M01050,2026-06-16,email,1
M01050,2025-09-13,in_app,0
M01050,2025-09-03,email,0
M01050,2026-06-01,push,0
M01050,2026-04-03,email,0
M01050,2026-04-17,in_app,0
M01050,2026-07-06,email,0
M01050,2025-09-16,push,0
M01050,2026-03-13,email,0
M01050,2025-08-22,push,0
M01051,2025-09-26,email,1
M01051,2025-12-12,in_app,0
M01051,2025-08-10,email,1
M01051,2025-12-28,in_app,1
M01051,2025-10-14,in_app,1
M01051,2025-10-16,in_app,1
M01051,2026-02-17,email,1
M01052,2026-01-25,in_app,1
M01052,2026-03-09,in_app,1
M01052,2025-12-07,in_app,1
M01052,2026-01-20,push,0
M01052,2026-02-28,in_app,1
M01052,2025-12-26,push,0
M01052,2026-03-13,in_app,0
M01052,2026-05-25,in_app,1
M01052,2025-10-12,email,0
M01052,2025-09-18,push,0
M01052,2025-10-30,in_app,0
M01053,2026-04-24,email,0
M01053,2026-05-28,email,0
M01053,2026-01-01,in_app,0
M01053,2025-07-25,push,1
M01053,2026-02-19,in_app,0
M01053,2025-08-10,email,0
M01053,2026-02-14,in_app,0
M01053,2025-10-26,email,0
M01054,2026-04-10,push,1
M01054,2025-12-05,push,0
M01054,2026-06-16,push,0
M01054,2026-03-20,push,1
M01054,2025-08-13,in_app,0
M01054,2025-11-14,email,1
M01054,2026-05-09,email,0
M01055,2025-12-07,in_app,0
M01055,2025-10-30,push,0
M01055,2026-01-10,in_app,1
M01055,2026-07-20,email,1
M01055,2025-08-17,in_app,1
M01055,2026-02-02,in_app,1
M01055,2026-01-22,push,0
M01055,2026-05-16,push,0
M01055,2026-06-05,push,0
M01055,2025-12-24,in_app,0
M01056,2025-11-10,in_app,0
M01056,2026-03-15,email,0
M01056,2026-03-24,in_app,0
M01056,2026-02-26,email,0
M01056,2025-12-13,in_app,0
M01056,2025-08-11,in_app,0
M01056,2025-10-26,in_app,0
M01056,2026-02-26,in_app,0
M01057,2025-08-29,email,0
M01057,2026-03-09,push,0
M01057,2025-09-20,in_app,1
M01057,2025-08-29,email,0
M01057,2026-04-15,in_app,1
M01057,2026-02-04,in_app,0
M01057,2026-04-28,email,0
M01058,2025-11-07,in_app,1
M01058,2026-07-23,in_app,1
M01058,2026-03-21,in_app,1
M01058,2026-06-09,push,1
M01058,2026-05-26,push,0
M01058,2026-04-30,email,0
M01058,2025-09-03,in_app,0
M01059,2026-04-22,push,1
M01059,2026-01-24,push,1
M01059,2025-10-25,in_app,1
M01059,2026-03-23,in_app,1
M01059,2026-03-08,email,1
M01060,2025-10-23,push,1
M01060,2026-01-25,push,0
M01060,2025-12-16,push,0
M01060,2025-11-13,in_app,1
M01060,2026-04-02,push,0
M01060,2026-02-13,in_app,1
M01060,2026-07-17,push,1
M01061,2026-01-06,email,1
M01061,2026-02-07,in_app,0
M01061,2026-05-20,in_app,1
M01061,2026-06-02,email,1
M01061,2025-09-07,push,0
M01061,2026-02-24,email,0
M01061,2026-02-13,in_app,0
M01061,2025-11-20,in_app,0
M01062,2026-01-21,push,0
M01062,2025-07-27,push,0
M01062,2025-10-24,email,1
M01062,2025-09-28,email,0
M01062,2025-12-13,in_app,0
M01062,2025-10-28,push,0
M01062,2026-02-17,email,0
M01063,2025-12-10,in_app,1
M01063,2026-07-05,in_app,0
M01063,2025-08-14,in_app,1
M01063,2026-04-22,push,1
M01063,2025-12-09,in_app,1
M01063,2025-09-21,in_app,1
M01063,2025-09-06,push,1
M01063,2026-06-22,email,0
M01063,2026-02-03,push,1
M01063,2026-02-27,push,1
M01063,2025-10-19,email,0
M01063,2025-09-08,in_app,0
M01064,2025-07-24,push,1
M01064,2025-11-19,in_app,0
M01064,2026-05-29,in_app,0
M01064,2026-02-24,in_app,1
M01064,2026-01-29,in_app,1
M01064,2025-11-03,email,1
M01064,2026-04-10,push,1
M01064,2026-07-12,in_app,0
M01065,2025-11-29,email,1
M01065,2025-12-23,push,1
M01065,2025-08-23,push,0
M01065,2025-11-15,email,1
M01065,2025-08-19,email,0
M01065,2026-05-18,in_app,1
M01065,2026-02-12,in_app,0
M01065,2026-02-21,in_app,0
M01066,2026-04-18,in_app,0
M01066,2025-10-15,push,0
M01066,2026-02-04,email,1
M01066,2025-10-20,push,1
M01066,2026-02-20,email,0
M01066,2025-08-31,email,0
M01066,2026-05-02,in_app,0
M01066,2025-10-12,email,0
M01066,2026-05-24,email,0
M01066,2026-05-05,in_app,0
M01066,2025-12-20,email,0
M01066,2026-06-09,in_app,0
M01066,2025-08-04,email,0
M01066,2026-02-28,push,0
M01066,2026-07-07,email,1
M01066,2026-03-10,push,0
M01066,2026-04-03,email,0
M01066,2025-12-10,email,0
M01066,2026-03-18,email,0
M01067,2026-05-29,push,1
M01067,2025-12-27,push,0
M01067,2025-09-01,email,1
M01067,2025-12-03,email,1
M01067,2026-04-20,email,1
M01067,2025-10-16,in_app,1
M01067,2025-08-08,in_app,1
M01067,2026-05-15,email,0
M01067,2025-10-06,email,0
M01067,2026-03-29,email,0
M01067,2025-12-20,push,1
M01067,2026-03-15,push,0
M01068,2026-05-17,email,1
M01068,2025-09-09,email,0
M01068,2025-08-07,email,0
M01068,2026-03-05,in_app,0
M01068,2026-05-16,in_app,1
M01068,2025-07-29,email,0
M01068,2026-03-12,in_app,0
M01068,2026-06-03,in_app,0
M01069,2025-08-03,push,0
M01069,2026-03-27,email,0
M01069,2026-01-23,push,1
M01069,2026-06-10,email,0
M01069,2025-07-28,in_app,1
M01069,2026-03-02,in_app,0
M01070,2025-12-22,email,0
M01070,2025-08-31,in_app,0
M01070,2026-04-19,email,0
M01070,2025-11-07,in_app,0
M01070,2025-08-20,in_app,1
M01070,2025-10-04,push,1
M01070,2026-04-26,in_app,1
M01070,2025-10-06,push,0
M01070,2026-03-30,push,0
M01071,2026-02-10,push,0
M01071,2025-08-20,email,0
M01071,2025-10-09,in_app,0
M01071,2025-12-12,email,0
M01071,2026-07-03,in_app,0
M01071,2026-05-31,email,0
M01071,2026-01-02,in_app,1
M01071,2026-05-20,email,0
M01071,2026-01-22,push,1
M01071,2025-07-23,in_app,0
M01071,2025-09-25,in_app,0
M01071,2025-12-27,email,0
M01071,2026-06-02,email,0
M01071,2026-03-01,email,1
M01071,2025-09-11,email,0
M01071,2025-08-19,in_app,0
M01072,2026-03-22,push,0
M01072,2026-06-25,push,0
M01072,2025-12-02,in_app,1
M01072,2026-05-12,email,1
M01072,2026-01-27,in_app,0
M01072,2026-03-14,email,0
M01072,2025-08-15,email,0
M01072,2025-10-21,email,0
M01072,2026-07-20,email,0
M01072,2026-01-12,in_app,1
M01072,2025-12-28,push,0
M01072,2026-07-23,push,0
M01073,2026-03-09,email,0
M01073,2026-01-08,in_app,1
M01073,2025-09-29,in_app,1
M01073,2026-01-12,email,0
M01073,2026-07-16,email,1
M01073,2026-06-03,push,1
M01074,2026-01-01,email,0
M01074,2026-06-09,push,1
M01074,2025-11-22,in_app,0
M01074,2026-07-05,push,1
M01074,2026-06-22,email,1
M01074,2025-08-20,in_app,0
M01074,2026-04-24,push,1
M01075,2025-12-06,push,1
M01075,2025-12-04,push,0
M01075,2026-05-23,email,1
M01075,2025-11-09,email,0
M01075,2025-11-08,email,0
M01075,2026-05-07,push,1
M01075,2026-01-15,email,0
M01075,2026-04-15,in_app,0
M01075,2025-07-31,push,0
M01075,2025-09-17,in_app,1
M01076,2025-12-20,in_app,1
M01076,2026-07-04,in_app,0
M01076,2026-04-01,in_app,0
M01076,2026-03-16,in_app,0
M01076,2026-03-31,push,0
M01076,2025-12-24,email,1
M01076,2025-10-20,email,0
M01076,2026-06-25,email,0
M01076,2026-02-03,in_app,1
M01076,2026-04-04,in_app,0
M01076,2025-11-30,in_app,0
M01076,2026-04-03,in_app,0
M01076,2026-07-08,email,1
M01076,2026-02-21,push,1
M01076,2025-09-15,push,0
M01077,2025-12-08,in_app,0
M01077,2025-09-30,push,0
M01077,2026-06-08,push,0
M01077,2025-09-29,in_app,0
M01077,2025-11-26,push,0
M01077,2026-01-05,email,0
M01077,2025-12-16,email,0
M01077,2026-06-25,email,1
M01077,2026-04-19,email,0
M01078,2025-07-30,email,0
M01078,2026-05-02,push,0
M01078,2025-11-27,in_app,0
M01078,2026-05-27,push,0
M01078,2025-10-18,email,0
M01078,2025-07-26,email,0
M01078,2025-09-21,push,0
M01078,2026-03-14,email,0
M01078,2026-07-03,push,0
M01078,2025-09-11,in_app,0
M01078,2026-03-08,email,0
M01078,2026-04-05,in_app,0
M01078,2025-12-19,in_app,0
M01078,2026-01-03,push,0
M01078,2025-10-12,in_app,0
M01078,2026-04-04,in_app,0
M01078,2025-11-21,in_app,0
M01079,2026-07-16,in_app,1
M01079,2025-12-31,email,1
M01079,2025-09-15,email,0
M01079,2026-03-08,email,1
M01080,2025-12-21,email,1
M01080,2025-09-16,in_app,0
M01080,2025-12-15,push,1
M01080,2026-04-29,email,0
M01081,2026-07-13,in_app,0
M01081,2025-10-23,email,1
M01081,2025-10-14,email,0
M01081,2026-05-10,push,1
M01081,2026-04-23,email,1
M01081,2026-06-28,email,1
M01081,2026-02-21,email,1
M01081,2025-11-13,in_app,1
M01082,2026-07-08,in_app,0
M01082,2025-08-19,email,1
M01082,2025-10-21,in_app,0
M01082,2026-04-16,email,0
M01082,2026-05-20,in_app,1
M01082,2026-05-21,email,1
M01082,2025-09-28,push,1
M01082,2026-04-26,push,1
M01083,2026-03-13,push,0
M01083,2026-02-20,push,1
M01083,2025-08-21,email,0
M01083,2025-08-15,in_app,0
M01083,2026-07-05,in_app,0
M01084,2026-05-20,push,0
M01084,2025-08-07,email,0
M01084,2025-08-09,push,0
M01084,2026-03-08,in_app,0
M01084,2025-08-20,push,0
M01084,2026-06-27,push,0
M01084,2025-08-17,push,0
M01084,2025-10-16,email,0
M01084,2026-04-05,in_app,1
M01084,2025-09-07,in_app,0
M01085,2025-09-28,email,0
M01085,2026-06-14,email,0
M01085,2026-02-21,push,0
M01085,2025-10-07,in_app,0
M01085,2026-04-05,push,1
M01086,2025-10-14,in_app,1
M01086,2025-11-03,push,1
M01086,2026-03-12,email,0
M01086,2026-05-25,push,1
M01086,2026-03-08,in_app,1
M01086,2026-02-25,in_app,1
M01086,2025-08-09,email,0
M01086,2025-12-30,push,1
M01086,2025-12-19,in_app,0
M01086,2025-10-16,push,1
M01086,2026-07-21,push,1
M01086,2026-02-26,push,1
M01086,2025-09-23,in_app,0
M01086,2026-03-19,in_app,0
M01087,2026-07-19,push,0
M01087,2026-01-29,in_app,0
M01087,2026-06-11,email,1
M01087,2026-01-20,email,0
M01087,2025-11-27,push,0
M01087,2025-08-10,push,0
M01088,2025-09-11,in_app,1
M01088,2025-10-31,email,1
M01088,2025-12-29,email,0
M01088,2026-05-25,push,0
M01088,2026-06-13,push,0
M01088,2026-01-30,push,0
M01088,2025-12-19,in_app,0
M01088,2026-02-07,push,0
M01088,2026-03-26,in_app,1
M01089,2026-06-28,in_app,1
M01089,2025-11-19,email,1
M01089,2026-07-05,push,1
M01089,2025-11-08,push,1
M01089,2025-08-09,in_app,1
M01089,2026-05-03,email,0
M01089,2026-05-21,in_app,1
M01089,2026-02-25,in_app,1
M01089,2026-04-23,email,1
M01090,2026-02-03,in_app,1
M01090,2025-09-01,push,1
M01090,2025-08-27,push,1
M01090,2025-09-03,email,1
M01090,2025-10-19,email,1
M01090,2026-04-30,email,1
M01091,2026-04-04,in_app,0
M01091,2026-01-24,push,0
M01091,2025-07-30,email,0
M01091,2026-06-07,in_app,1
M01091,2025-10-05,in_app,1
M01091,2026-02-28,push,1
M01091,2026-07-22,push,0
M01092,2026-01-20,in_app,0
M01092,2025-12-14,email,1
M01092,2026-07-02,push,0
M01092,2026-06-08,in_app,0
M01092,2026-03-04,in_app,1
M01092,2025-08-18,in_app,1
M01092,2026-01-03,in_app,1
M01092,2026-01-29,email,1
M01092,2026-07-22,email,1
M01092,2026-06-14,email,1
M01092,2026-03-02,email,0
M01093,2025-07-30,push,1
M01093,2026-04-19,push,1
M01093,2025-08-29,email,0
M01093,2025-08-04,email,1
M01093,2026-04-05,email,0
M01093,2026-04-11,push,0
M01094,2025-10-13,email,1
M01094,2026-06-20,push,0
M01094,2026-07-12,in_app,0
M01094,2025-10-17,push,0
M01094,2026-06-25,push,0
M01094,2026-06-02,email,0
M01094,2025-11-22,push,0
M01095,2026-07-20,in_app,0
M01095,2025-12-22,in_app,1
M01095,2026-04-25,push,1
M01095,2025-12-31,email,1
M01095,2025-08-28,push,1
M01096,2026-07-12,in_app,0
M01096,2026-01-27,push,0
M01096,2025-12-04,push,0
M01096,2026-03-25,email,0
M01096,2026-01-07,in_app,0
M01096,2025-07-31,push,1
M01096,2026-01-13,in_app,0
M01096,2025-11-11,in_app,1
M01096,2026-03-15,email,1
M01096,2025-10-01,push,1
M01097,2025-12-24,email,1
M01097,2026-07-21,email,1
M01097,2026-06-19,email,1
M01097,2025-09-19,push,0
M01097,2026-07-17,push,1
M01097,2026-04-14,push,1
M01097,2025-12-11,push,1
M01097,2025-11-21,email,1
M01097,2026-07-05,push,0
M01097,2025-08-30,email,0
M01097,2025-12-14,in_app,1
M01097,2025-08-29,email,1
M01097,2025-09-21,email,1
M01097,2026-01-26,in_app,0
M01097,2026-05-28,in_app,0
M01097,2026-05-07,push,0
M01098,2025-08-08,email,1
M01098,2025-12-29,email,1
M01098,2026-02-21,email,1
M01098,2026-05-02,push,0
M01098,2025-08-17,email,0
M01098,2025-11-12,push,0
M01098,2025-12-22,email,0
M01098,2026-05-18,push,1
M01099,2025-10-05,in_app,0
M01099,2026-07-15,push,1
M01099,2025-09-13,in_app,1
M01099,2026-06-28,in_app,1
M01099,2025-12-05,email,0
M01099,2026-05-11,push,1
M01099,2026-02-22,in_app,0
M01099,2025-12-06,email,0
M01099,2026-06-18,email,0
M01099,2025-08-28,push,1
M01100,2026-07-02,push,0
M01100,2026-05-24,in_app,0
M01100,2026-07-07,email,1
M01100,2026-06-02,email,0
M01100,2025-10-23,in_app,1
M01100,2026-02-25,email,0
M01100,2026-01-06,email,0
M01100,2025-09-14,push,0
M01100,2026-04-11,push,0
M01101,2026-06-20,in_app,1
M01101,2025-08-23,email,1
M01101,2026-05-21,email,0
M01101,2025-08-28,push,1
M01101,2025-11-20,in_app,0
M01101,2025-11-15,in_app,0
M01101,2025-12-25,in_app,0
M01101,2026-04-01,push,0
M01101,2025-11-10,push,0
M01101,2026-05-02,email,0
M01101,2026-05-18,email,0
M01102,2026-03-02,in_app,0
M01102,2026-05-26,email,0
M01102,2026-05-27,push,0
M01102,2025-08-02,email,0
M01103,2026-01-29,in_app,1
M01103,2026-04-16,push,0
M01103,2026-02-21,email,0
M01103,2026-07-18,email,0
M01103,2025-12-22,email,0
M01103,2025-10-31,in_app,1
M01103,2025-09-24,push,0
M01103,2026-07-03,email,1
M01104,2025-08-03,push,0
M01104,2026-01-20,push,0
M01104,2026-02-06,email,0
M01104,2026-07-15,email,0
M01104,2025-09-10,email,0
M01104,2025-07-31,email,0
M01104,2026-07-19,in_app,0
M01104,2025-10-15,email,1
M01104,2025-08-29,email,0
M01104,2025-07-26,in_app,1
M01104,2026-03-20,push,1
M01104,2026-07-01,email,0
M01104,2025-11-14,push,1
M01104,2026-07-03,push,1
M01104,2026-05-21,email,0
M01104,2026-01-09,push,1
M01104,2026-02-05,in_app,1
M01104,2025-09-01,in_app,1
M01105,2025-07-24,push,0
M01105,2026-05-17,in_app,1
M01105,2025-10-16,push,1
M01105,2025-11-25,push,1
M01105,2026-04-24,push,1
M01105,2026-01-15,in_app,0
M01106,2026-01-22,in_app,0
M01106,2026-06-30,in_app,1
M01106,2025-11-09,push,1
M01106,2026-04-02,in_app,1
M01106,2026-02-23,email,1
M01106,2025-12-28,in_app,1
M01106,2025-11-27,in_app,0
M01107,2026-01-03,in_app,0
M01107,2025-08-07,email,1
M01107,2026-03-16,email,1
M01107,2025-11-13,push,0
M01107,2025-11-21,email,1
M01107,2026-04-08,push,0
M01107,2026-04-23,in_app,1
M01107,2026-07-12,push,0
M01107,2026-03-17,push,0
M01108,2026-03-20,push,0
M01108,2025-10-29,in_app,0
M01108,2026-04-18,email,1
M01108,2025-08-17,push,0
M01108,2025-12-09,email,0
M01108,2025-09-20,in_app,0
M01108,2026-05-24,email,1
M01108,2026-03-23,push,1
M01108,2026-04-30,push,0
M01109,2025-11-07,in_app,0
M01109,2025-12-23,in_app,1
M01109,2026-05-25,email,0
M01109,2026-06-17,push,0
M01109,2026-07-06,push,0
M01109,2026-03-17,in_app,0
M01109,2025-11-25,in_app,1
M01110,2025-09-24,push,1
M01110,2025-11-25,email,0
M01110,2025-11-28,push,0
M01110,2026-01-18,email,0
M01110,2025-08-12,push,0
M01110,2026-02-18,push,0
M01110,2026-07-03,push,1
M01110,2025-09-26,in_app,0
M01110,2026-06-01,in_app,1
M01110,2025-11-02,in_app,1
M01111,2025-09-30,email,0
M01111,2026-05-20,email,0
M01111,2026-01-19,in_app,0
M01111,2025-08-23,in_app,0
M01111,2025-10-27,in_app,0
M01111,2025-08-06,email,1
M01111,2026-05-12,push,0
M01111,2025-08-08,push,1
M01111,2026-03-03,push,0
M01111,2026-02-20,email,0
M01111,2026-05-30,push,1
M01112,2025-08-14,in_app,0
M01112,2025-10-05,email,0
M01112,2026-01-27,in_app,0
M01113,2026-02-06,push,0
M01113,2025-09-23,push,0
M01113,2025-11-01,push,1
M01113,2025-12-14,push,1
M01113,2026-02-17,email,1
M01113,2025-12-26,in_app,1
M01113,2025-08-31,in_app,0
M01113,2025-10-01,push,0
M01113,2026-02-03,in_app,1
M01113,2025-12-10,in_app,1
M01113,2026-03-11,push,1
M01114,2026-04-16,push,0
M01114,2026-06-12,push,1
M01114,2026-01-18,in_app,0
M01114,2025-08-01,email,0
M01114,2025-10-01,in_app,1
M01114,2026-04-12,email,1
M01114,2026-04-22,in_app,1
M01114,2026-06-18,in_app,1
M01114,2025-10-03,push,0
M01114,2025-11-24,in_app,1
M01114,2025-11-21,push,0
M01114,2025-08-17,in_app,1
M01114,2026-01-20,push,1
M01115,2025-12-29,in_app,0
M01115,2026-02-20,email,0
M01115,2025-12-30,push,1
M01115,2025-10-26,in_app,0
M01115,2026-06-12,email,0
M01116,2026-04-23,push,0
M01116,2026-03-11,email,0
M01116,2026-01-26,push,1
M01116,2026-02-20,push,0
M01116,2025-09-10,in_app,1
M01116,2025-08-23,email,0
M01116,2026-01-26,push,0
M01116,2026-03-20,in_app,1
M01116,2026-07-07,push,0
M01117,2026-05-31,email,0
M01117,2026-03-19,push,0
M01117,2026-01-04,in_app,1
M01117,2025-11-02,push,1
M01117,2026-07-12,email,0
M01117,2026-02-17,push,0
M01117,2026-03-30,push,0
M01117,2025-12-09,email,0
M01117,2025-07-29,push,1
M01117,2025-11-24,push,0
M01117,2026-06-05,push,0
M01117,2025-11-28,email,0
M01118,2026-04-06,push,0
M01118,2026-02-17,email,0
M01118,2026-02-28,push,1
M01118,2025-08-31,email,1
M01118,2026-06-02,in_app,1
M01118,2025-10-15,email,1
M01118,2026-02-25,push,1
M01118,2026-01-26,in_app,0
M01119,2025-09-07,push,0
M01119,2025-12-25,push,1
M01119,2026-03-31,email,1
M01119,2026-06-19,email,0
M01119,2026-06-20,email,0
M01119,2025-09-12,push,0
M01119,2026-02-21,email,0
M01120,2026-06-20,push,1
M01120,2026-04-07,email,0
M01120,2025-12-14,push,1
M01120,2025-11-30,in_app,0
M01120,2026-06-28,in_app,0
M01120,2025-07-24,in_app,0
M01120,2026-03-19,push,1
M01120,2026-01-03,email,1
M01121,2025-12-24,email,1
M01121,2025-10-29,in_app,1
M01121,2025-11-02,email,1
M01121,2026-04-02,push,0
M01121,2025-11-27,push,0
M01121,2026-07-17,email,0
M01121,2026-05-29,in_app,0
M01122,2026-04-29,push,1
M01122,2026-06-11,email,1
M01122,2025-07-23,push,1
M01122,2025-08-15,in_app,1
M01122,2026-04-15,email,0
M01123,2025-08-28,email,0
M01123,2026-07-05,email,1
M01123,2026-01-19,email,0
M01123,2025-12-12,in_app,0
M01123,2025-10-02,email,1
M01123,2025-10-13,push,1
M01123,2026-05-26,push,0
M01123,2026-05-19,in_app,0
M01123,2026-04-21,email,1
M01123,2025-10-21,email,0
M01124,2025-10-12,email,0
M01124,2025-08-06,push,1
M01124,2025-12-15,push,1
M01124,2026-04-10,push,0
M01124,2025-12-19,push,0
M01124,2026-04-30,email,1
M01124,2025-09-10,push,1
M01124,2026-05-25,push,1
M01124,2026-06-30,push,0
M01124,2025-11-14,push,0
M01124,2025-11-05,push,0
M01124,2025-10-22,push,0
M01125,2026-04-18,email,0
M01125,2026-06-01,email,0
M01125,2026-01-15,email,1
M01125,2026-04-04,email,1
M01126,2026-05-25,push,1
M01126,2025-11-25,push,1
M01126,2025-12-10,email,1
M01126,2026-06-03,email,0
M01126,2025-09-17,in_app,0
M01126,2025-09-16,email,0
M01126,2026-02-23,push,0
M01126,2026-06-05,email,0
M01126,2026-03-16,push,0
M01127,2026-04-25,email,1
M01127,2025-10-14,push,1
M01127,2025-09-15,email,1
M01127,2026-05-16,email,1
M01127,2026-02-28,push,1
M01127,2026-02-24,push,0
M01127,2026-03-05,email,1
M01127,2025-11-27,in_app,1
M01127,2025-12-06,push,0
M01127,2025-08-09,email,1
M01127,2026-06-23,email,1
M01127,2025-08-19,in_app,1
M01127,2025-09-25,email,1
M01127,2025-08-30,push,0
M01127,2025-09-02,email,0
M01128,2025-09-21,push,0
M01128,2026-01-01,push,0
M01128,2025-09-13,in_app,1
M01128,2026-01-10,email,0
M01128,2025-12-29,push,0
M01128,2026-05-19,push,1
M01128,2025-11-04,email,0
M01128,2026-07-16,in_app,0
M01128,2025-11-02,push,0
M01128,2026-02-23,in_app,0
M01128,2025-08-08,email,0
M01128,2026-06-20,push,0
M01128,2025-09-11,email,0
M01129,2025-09-12,email,0
M01129,2026-06-10,push,1
M01129,2025-12-09,push,0
M01129,2025-09-17,email,1
M01129,2026-06-15,in_app,0
M01129,2025-07-24,in_app,1
M01129,2025-07-27,in_app,0
M01129,2026-02-01,email,0
M01129,2025-08-12,push,0
M01129,2025-11-04,in_app,1
M01129,2026-05-25,push,0
M01129,2025-11-10,in_app,1
M01130,2026-07-14,push,1
M01130,2026-04-21,push,0
M01130,2025-11-22,email,0
M01130,2026-03-13,push,0
M01130,2026-05-21,in_app,0
M01130,2026-05-05,email,1
M01130,2026-01-09,email,0
M01130,2025-11-08,email,0
M01130,2025-09-17,push,1
M01130,2026-01-22,push,0
M01130,2025-12-13,push,1
M01130,2025-12-22,email,1
M01131,2025-12-01,push,0
M01131,2025-08-02,in_app,0
M01132,2026-04-27,push,0
M01132,2025-09-05,in_app,1
M01132,2025-08-14,email,0
M01132,2026-07-10,email,1
M01132,2025-09-01,email,0
M01132,2026-03-12,in_app,1
M01132,2026-03-12,email,0
M01132,2025-11-19,in_app,0
M01132,2026-04-29,push,0
M01132,2026-02-08,push,0
M01132,2026-01-08,email,1
M01132,2026-07-09,email,0
M01133,2026-03-24,email,1
M01133,2026-07-04,email,1
M01133,2025-10-04,in_app,1
M01133,2025-11-03,email,1
M01133,2025-09-21,push,1
M01134,2025-10-14,push,0
M01134,2026-03-13,in_app,0
M01134,2026-03-04,email,0
M01134,2026-04-26,email,1
M01134,2026-05-07,email,0
M01134,2026-07-11,in_app,1
M01134,2025-10-15,push,1
M01134,2025-08-04,push,0
M01134,2026-05-17,in_app,0
M01135,2026-04-14,push,0
M01135,2026-07-04,email,0
M01135,2026-03-10,email,0
M01135,2025-10-02,email,0
M01135,2025-09-30,push,0
M01135,2026-02-25,email,1
M01136,2025-10-19,push,0
M01136,2026-05-16,email,0
M01136,2026-03-12,in_app,1
M01136,2025-12-12,email,1
M01136,2025-10-04,push,1
M01136,2026-02-13,in_app,0
M01136,2025-10-13,email,1
M01137,2026-05-08,in_app,1
M01137,2026-02-23,push,0
M01137,2026-04-11,push,1
M01137,2025-12-23,push,0
M01137,2025-11-05,email,1
M01137,2025-07-25,in_app,0
M01137,2025-10-09,push,1
M01138,2026-01-18,push,1
M01138,2025-12-30,push,0
M01138,2025-11-27,in_app,1
M01138,2026-07-18,email,0
M01138,2026-07-08,in_app,1
M01138,2025-11-17,in_app,1
M01138,2026-06-19,in_app,1
M01138,2025-12-28,in_app,1
M01139,2026-05-20,email,1
M01139,2026-05-26,push,1
M01139,2025-12-10,push,0
M01139,2026-06-06,in_app,1
M01139,2026-07-07,push,0
M01139,2025-11-03,email,0
M01139,2025-07-23,push,1
M01139,2026-07-18,in_app,1
M01140,2025-11-21,push,0
M01140,2025-08-24,in_app,0
M01140,2025-09-17,in_app,0
M01140,2025-11-25,push,0
M01140,2026-01-25,in_app,0
M01140,2025-09-09,email,0
M01140,2025-12-02,in_app,1
M01141,2026-05-29,push,1
M01141,2026-07-16,push,0
M01141,2025-11-23,push,1
M01141,2026-04-18,in_app,0
M01141,2026-05-05,email,1
M01141,2026-01-03,in_app,1
M01141,2025-08-08,in_app,1
M01141,2025-10-22,in_app,0
M01142,2025-08-25,email,1
M01142,2026-05-01,push,0
M01142,2025-10-17,in_app,0
M01142,2026-06-02,email,0
M01142,2025-12-10,email,1
M01143,2026-07-15,email,0
M01143,2026-01-22,email,1
M01143,2026-03-22,email,1
M01143,2026-04-09,push,1
M01143,2025-09-27,push,1
M01143,2025-11-28,in_app,1
M01143,2025-11-20,email,0
M01143,2026-01-20,push,1
M01143,2026-03-21,in_app,0
M01143,2025-10-26,in_app,0
M01144,2025-09-04,push,0
M01144,2026-05-26,push,1
M01144,2026-03-04,email,0
M01144,2026-05-17,email,1
M01145,2026-02-27,in_app,1
M01145,2026-07-15,email,0
M01145,2025-08-23,in_app,1
M01145,2025-12-08,email,1
M01145,2025-09-18,email,0
M01146,2026-03-28,push,0
M01146,2025-10-26,in_app,1
M01147,2025-09-25,push,0
M01147,2026-06-26,push,0
M01147,2026-06-06,email,0
M01147,2026-06-18,email,1
M01147,2026-05-18,push,1
M01147,2026-01-31,in_app,0
M01147,2026-07-17,email,0
M01147,2025-09-10,in_app,0
M01148,2025-11-01,in_app,1
M01148,2025-08-11,push,1
M01148,2026-05-24,push,1
M01148,2025-10-03,push,0
M01149,2025-09-13,email,1
M01149,2026-01-01,push,1
M01149,2026-06-30,push,0
M01149,2025-08-14,in_app,1
M01149,2026-02-18,email,0
M01149,2026-04-10,in_app,0
M01149,2026-05-13,in_app,1
M01149,2026-07-22,in_app,0
M01149,2025-08-03,in_app,0
M01149,2026-05-07,push,1
M01149,2026-02-27,push,0
M01149,2025-11-19,email,0
M01149,2025-12-27,email,0
M01149,2026-06-27,email,0
M01149,2025-11-25,email,0
M01150,2026-04-29,email,0
M01150,2025-11-02,in_app,1
M01150,2025-11-11,in_app,1
M01150,2025-11-29,email,1
M01150,2025-11-07,email,0
M01150,2026-05-08,push,1
M01150,2026-02-16,push,1
M01150,2025-08-03,email,1
M01150,2026-01-20,in_app,1
M01150,2025-10-13,in_app,0
M01151,2025-10-07,email,0
M01151,2025-09-01,in_app,0
M01151,2025-09-05,push,0
M01151,2025-12-03,email,0
M01151,2026-03-09,email,0
M01151,2025-12-18,push,0
M01151,2025-11-27,email,0
M01151,2026-05-23,email,1
M01151,2026-06-06,email,0
M01151,2026-07-01,in_app,0
M01151,2026-02-12,email,0
M01151,2025-09-09,push,1
M01152,2026-03-13,email,1
M01152,2026-06-16,email,0
M01152,2025-12-15,push,1
M01152,2026-05-24,push,1
M01152,2025-11-08,in_app,1
M01152,2025-12-13,email,0
M01153,2025-08-23,push,0
M01153,2026-03-16,email,0
M01153,2025-10-11,in_app,0
M01153,2026-05-24,email,0
M01153,2026-03-26,email,0
M01153,2026-02-11,in_app,0
M01153,2026-04-30,in_app,0
M01153,2025-08-02,email,0
M01153,2026-03-17,push,0
M01154,2025-09-09,push,0
M01154,2026-05-30,push,0
M01154,2025-11-12,in_app,1
M01154,2026-03-23,in_app,0
M01154,2025-11-21,email,0
M01154,2025-08-30,push,0
M01154,2025-09-03,email,1
M01154,2025-12-27,push,1
M01154,2026-06-21,push,1
M01154,2026-01-07,email,1
M01155,2026-01-31,in_app,1
M01155,2025-11-09,in_app,0
M01155,2026-02-12,push,1
M01155,2026-04-08,in_app,1
M01155,2025-09-16,email,0
M01155,2026-05-30,push,0
M01155,2026-03-16,in_app,1
M01155,2025-10-31,push,0
M01155,2026-05-08,in_app,1
M01155,2025-12-15,in_app,0
M01155,2026-07-17,in_app,1
M01155,2026-04-11,push,0
M01155,2025-08-01,email,1
M01155,2026-04-02,email,0
M01155,2026-07-04,push,0
M01156,2025-10-18,push,1
M01156,2025-12-19,in_app,0
M01156,2025-09-02,email,0
M01156,2025-11-07,push,0
M01156,2026-02-09,email,0
M01157,2025-12-20,in_app,0
M01157,2025-12-23,push,0
M01157,2026-02-18,push,0
M01157,2025-10-17,in_app,0
M01157,2025-12-26,email,0
M01157,2026-03-18,in_app,0
M01157,2026-06-21,push,0
M01158,2026-05-06,in_app,0
M01158,2025-10-18,push,0
M01158,2026-01-04,push,0
M01158,2025-09-26,email,0
M01158,2026-01-03,in_app,0
M01158,2025-11-03,in_app,0
M01159,2026-05-23,push,0
M01159,2025-12-21,push,0
M01159,2026-04-19,email,1
M01159,2026-06-13,email,1
M01159,2026-06-04,push,1
M01159,2025-08-11,in_app,1
M01159,2026-02-15,in_app,1
M01159,2026-05-26,push,0
M01159,2026-03-11,push,1
M01159,2025-11-06,push,1
M01160,2026-03-30,email,1
M01160,2025-09-14,push,1
M01160,2026-06-16,email,1
M01160,2025-09-06,email,0
M01160,2026-02-28,email,1
M01160,2025-11-04,email,0
M01160,2026-06-10,email,1
M01160,2026-03-10,email,0
M01161,2025-08-09,email,0
M01161,2025-08-25,email,1
M01161,2025-11-06,push,1
M01161,2026-07-15,push,1
M01161,2025-11-30,in_app,0
M01161,2026-04-29,email,0
M01161,2026-04-19,push,1
M01162,2026-07-03,in_app,1
M01162,2025-12-08,in_app,1
M01162,2025-10-17,email,1
M01162,2026-01-17,in_app,1
M01162,2026-07-05,email,1
M01162,2025-08-26,push,1
M01162,2026-01-21,email,0
M01162,2026-06-02,in_app,0
M01163,2025-08-24,push,1
M01163,2025-11-24,push,1
M01163,2026-05-16,push,0
M01163,2025-10-23,in_app,1
M01163,2026-04-11,email,0
M01163,2026-04-11,email,1
M01163,2026-02-03,email,1
M01163,2026-05-29,push,1
M01163,2026-07-11,in_app,1
M01163,2025-08-07,push,0
M01163,2025-11-10,in_app,1
M01163,2026-01-12,in_app,0
M01163,2025-11-19,push,0
M01164,2025-08-23,email,0
M01164,2025-09-01,email,1
M01164,2026-01-11,in_app,0
M01164,2026-07-09,push,0
M01164,2026-06-28,email,0
M01164,2026-01-25,in_app,0
M01164,2025-09-12,push,1
M01165,2025-12-05,push,1
M01165,2025-12-25,email,0
M01165,2026-01-10,email,0
M01165,2025-08-17,in_app,0
M01165,2026-04-10,email,1
M01165,2025-08-03,push,0
M01165,2025-10-02,in_app,1
M01165,2026-05-22,in_app,1
M01165,2026-03-31,push,0
M01165,2025-07-23,push,0
M01166,2026-05-13,email,1
M01166,2026-04-06,in_app,1
M01166,2026-04-19,in_app,0
M01166,2025-11-12,email,1
M01166,2025-08-08,email,0
M01166,2025-11-19,email,0
M01166,2025-08-16,in_app,0
M01166,2026-05-01,push,0
M01167,2026-05-12,push,0
M01167,2026-05-08,push,0
M01167,2026-04-18,email,0
M01167,2026-02-19,push,0
M01167,2026-06-27,email,0
M01167,2026-07-18,email,0
M01167,2026-06-17,push,0
M01168,2025-09-17,push,0
M01168,2025-07-29,in_app,0
M01168,2026-05-14,in_app,0
M01169,2026-01-31,in_app,0
M01169,2025-11-12,email,0
M01169,2025-10-22,push,1
M01169,2025-09-17,push,0
M01169,2026-04-30,push,1
M01169,2026-04-26,in_app,0
M01169,2025-07-23,push,0
M01170,2026-03-07,push,0
M01170,2025-12-11,email,0
M01170,2025-11-06,push,0
M01170,2025-09-01,push,0
M01170,2026-04-08,email,1
M01170,2025-08-19,in_app,0
M01170,2026-01-10,email,0
M01170,2026-01-03,in_app,0
M01170,2026-04-03,in_app,0
M01171,2026-01-26,push,0
M01171,2025-12-26,push,0
M01171,2025-11-03,email,1
M01171,2026-06-13,push,0
M01171,2025-11-18,push,0
M01171,2026-03-10,push,0
M01171,2025-11-07,email,1
M01171,2025-10-13,push,0
M01171,2026-06-09,push,0
M01171,2026-07-08,in_app,0
M01171,2026-03-01,push,0
M01171,2025-10-05,push,0
M01171,2026-06-14,email,0
M01172,2026-06-15,push,0
M01172,2025-08-29,in_app,0
M01172,2025-09-05,email,0
M01172,2025-12-19,push,0
M01172,2025-10-26,email,1
M01173,2026-07-06,email,1
M01173,2026-02-18,in_app,1
M01173,2025-11-09,push,0
M01173,2026-01-04,push,0
M01173,2026-05-04,email,1
M01173,2026-04-29,push,0
M01173,2025-10-25,push,0
M01173,2025-12-13,in_app,0
M01173,2025-11-23,push,0
M01174,2026-05-27,push,1
M01174,2025-12-18,email,0
M01174,2025-08-09,email,0
M01174,2025-12-01,in_app,1
M01174,2026-01-02,push,1
M01174,2025-11-10,email,0
M01174,2026-03-29,push,0
M01175,2026-01-01,push,0
M01175,2026-03-01,push,0
M01175,2026-06-18,push,1
M01175,2025-08-20,in_app,1
M01175,2026-01-18,push,1
M01175,2026-07-10,in_app,0
M01175,2025-12-20,push,0
M01175,2025-09-12,email,1
M01175,2026-06-21,email,1
M01175,2025-09-23,email,1
M01175,2025-10-30,email,0
M01175,2025-11-01,in_app,1
M01175,2026-01-06,email,1
M01175,2026-06-07,push,0
M01175,2025-10-20,email,1
M01175,2025-09-27,push,0
M01176,2025-08-07,push,0
M01176,2025-10-19,in_app,0
M01176,2025-09-13,push,0
M01176,2025-09-26,email,0
M01176,2025-07-24,push,1
M01177,2026-05-01,push,0
M01177,2026-07-16,email,0
M01177,2026-02-07,push,1
M01177,2025-12-12,email,1
M01177,2025-11-21,email,0
M01177,2026-02-25,push,0
M01178,2026-02-10,in_app,0
M01178,2026-02-03,in_app,0
M01178,2026-05-12,push,0
M01178,2026-05-09,email,0
M01178,2026-03-25,push,1
M01178,2026-05-19,in_app,0
M01178,2026-02-13,in_app,0
M01178,2026-05-10,push,1
M01178,2026-05-25,push,0
M01178,2026-04-16,email,0
M01178,2026-01-26,push,0
M01178,2026-04-18,push,0
M01179,2025-12-28,push,0
M01179,2025-11-02,push,1
M01179,2026-04-11,push,0
M01179,2025-10-30,push,0
M01179,2025-10-21,push,0
M01179,2026-04-12,email,0
M01179,2025-09-04,email,0
M01179,2026-03-22,in_app,1
M01179,2026-04-28,push,1
M01179,2025-09-23,email,0
M01179,2025-08-28,email,0
M01179,2025-09-09,push,0
M01179,2025-08-30,push,1
M01179,2026-05-13,push,0
M01180,2026-03-03,email,0
M01180,2026-03-17,in_app,1
M01180,2026-01-22,email,0
M01180,2026-05-30,email,1
M01180,2025-08-08,in_app,0
M01180,2026-02-10,push,1
M01180,2026-05-20,in_app,0
M01180,2025-10-17,in_app,0
M01180,2025-10-10,email,1
M01181,2025-08-19,in_app,1
M01181,2026-05-24,in_app,1
M01181,2025-08-22,in_app,1
M01181,2025-11-02,in_app,1
M01181,2025-11-04,email,0
M01181,2026-02-21,push,1
M01181,2025-08-05,email,1
M01181,2026-07-17,push,1
M01181,2025-10-10,push,0
M01181,2026-07-18,push,1
M01181,2025-08-13,email,0
M01182,2025-10-28,email,0
M01182,2026-02-18,email,0
M01182,2025-10-21,push,1
M01182,2026-02-05,email,0
M01182,2026-01-22,in_app,0
M01182,2025-08-18,email,0
M01182,2026-02-15,email,1
M01183,2025-11-05,email,0
M01183,2025-11-10,push,0
M01183,2026-06-03,email,0
M01183,2026-06-28,push,1
M01183,2026-07-10,email,1
M01183,2025-08-25,push,0
M01183,2026-05-21,email,0
M01183,2026-06-22,in_app,0
M01183,2026-07-09,in_app,1
M01183,2026-07-09,in_app,0
M01184,2026-01-09,email,0
M01184,2025-10-10,email,0
M01184,2026-06-20,in_app,0
M01184,2026-06-09,email,0
M01184,2026-07-19,email,0
M01184,2026-01-05,in_app,0
M01185,2025-10-12,in_app,1
M01185,2025-11-12,in_app,1
M01185,2026-03-26,email,1
M01185,2025-09-05,email,0
M01185,2026-03-23,in_app,0
M01185,2026-06-12,push,1
M01185,2026-02-07,email,1
M01185,2025-09-08,push,0
M01185,2025-10-26,in_app,0
M01185,2025-07-23,push,0
M01186,2025-12-28,in_app,0
M01186,2026-05-07,push,0
M01186,2025-08-23,email,1
M01186,2025-09-24,email,0
M01186,2025-11-02,in_app,0
M01186,2026-03-04,email,0
M01186,2026-03-23,in_app,0
M01186,2026-01-16,email,0
M01186,2026-06-04,in_app,0
M01186,2026-02-09,push,0
M01187,2026-05-21,in_app,0
M01187,2026-03-18,push,0
M01187,2025-10-10,email,0
M01187,2026-05-05,email,0
M01187,2025-08-13,in_app,0
M01187,2025-08-26,in_app,0
M01187,2026-07-18,in_app,0
M01187,2025-12-02,in_app,0
M01188,2026-03-30,push,0
M01188,2025-12-24,in_app,1
M01188,2026-04-24,push,1
M01188,2026-01-11,email,0
M01188,2025-07-25,push,1
M01188,2026-05-19,push,1
M01188,2026-01-05,push,0
M01188,2026-03-13,email,1
M01189,2026-03-12,email,0
M01189,2025-12-10,in_app,1
M01189,2025-12-18,in_app,0
M01189,2025-12-28,email,1
M01189,2026-03-01,push,1
M01189,2026-04-30,in_app,0
M01189,2025-08-25,push,0
M01190,2026-05-01,in_app,1
M01190,2025-09-06,email,0
M01190,2025-07-23,in_app,0
M01190,2026-04-16,email,0
M01190,2026-06-02,in_app,0
M01190,2026-05-16,email,0
M01190,2026-04-19,in_app,1
M01190,2025-11-19,email,1
M01190,2026-06-27,in_app,1
M01190,2025-09-15,push,0
M01190,2026-03-31,email,1
M01190,2025-10-14,in_app,1
M01191,2026-07-01,in_app,1
M01191,2026-04-09,in_app,0
M01191,2025-10-03,in_app,0
M01191,2026-01-06,in_app,0
M01191,2025-08-27,in_app,0
M01191,2025-10-17,push,0
M01191,2026-02-25,push,0
M01191,2026-03-22,email,0
M01191,2025-07-24,email,1
M01191,2026-05-10,in_app,0
M01191,2025-11-20,email,0
M01191,2025-08-02,in_app,0
M01192,2026-04-15,in_app,0
M01192,2026-02-13,email,0
M01192,2026-03-27,email,1
M01192,2026-05-06,email,0
M01192,2026-04-28,email,1
M01192,2025-12-06,email,0
M01192,2025-09-14,push,1
M01192,2026-03-13,in_app,1
M01193,2025-09-21,email,0
M01193,2026-05-15,email,0
M01193,2026-06-08,push,1
M01193,2026-02-28,push,0
M01193,2026-07-01,email,0
M01193,2025-09-27,email,1
M01193,2026-05-09,push,1
M01193,2025-08-02,in_app,1
M01193,2025-11-26,in_app,0
M01193,2026-01-31,in_app,0
M01193,2025-09-12,in_app,0
M01193,2026-01-20,email,1
M01193,2025-08-07,in_app,0
M01193,2026-04-20,in_app,0
M01194,2025-08-03,email,0
M01194,2026-07-14,push,0
M01194,2026-07-06,push,1
M01194,2026-04-28,in_app,1
M01194,2025-12-05,push,0
M01194,2025-11-16,in_app,1
M01194,2026-05-13,push,1
M01194,2026-04-30,in_app,1
M01194,2026-01-10,push,1
M01195,2025-10-25,in_app,0
M01195,2026-03-18,email,0
M01195,2025-09-24,email,1
M01195,2025-09-07,in_app,0
M01195,2025-11-19,push,0
M01195,2026-06-28,push,1
M01195,2025-10-24,push,1
M01195,2026-04-09,email,0
M01195,2025-12-19,in_app,0
M01195,2026-01-26,email,1
M01195,2026-06-17,email,1
M01196,2026-04-04,push,1
M01196,2025-12-09,in_app,0
M01196,2025-09-10,in_app,1
M01196,2026-01-05,push,1
M01196,2025-12-17,push,1
M01196,2025-07-31,push,0
M01196,2026-05-15,push,0
M01196,2025-08-28,in_app,1
M01196,2026-03-16,email,1
M01196,2026-06-17,email,1
M01196,2025-11-04,push,1
M01197,2026-01-30,email,0
M01197,2026-04-15,push,0
M01197,2025-12-18,push,0
M01197,2025-09-22,email,0
M01197,2026-05-25,push,0
M01197,2026-01-15,push,1
M01197,2025-12-28,push,0
M01197,2026-07-03,in_app,0
M01198,2026-05-16,email,1
M01198,2026-03-31,push,1
M01198,2026-04-12,email,1
M01198,2026-06-26,in_app,0
M01198,2025-07-29,email,0
M01198,2025-12-28,email,0
M01198,2025-11-20,in_app,0
M01198,2026-05-24,email,1
M01198,2025-08-07,in_app,1
M01198,2026-04-09,in_app,0
M01198,2025-10-02,push,1
M01199,2026-03-02,email,0
M01199,2025-12-25,push,0
M01199,2025-08-18,in_app,1
M01199,2025-12-17,push,0
M01199,2025-10-06,push,0
M01199,2026-07-06,email,1
M01199,2025-09-20,push,1
M01199,2025-07-24,push,0
